Authors,Title,Year,Source title,Volume,Issue,Page start,Cited by,DOI,Affiliations,Abstract,Author Keywords,References,Document Type,Language of Original Document,Publisher,ISSN
Eta F.; Alfa A.,Tax reform revisited: Intergovernmental transfers under Fiscal capacity [registro sintetico 000],2012,International Tax and Public Finance,1,1,1,3,10.5555/exemplo.0000,"Universidade Federal de Pernambuco, Recife, Brazil","Resumo sintetico para teste do pipeline. Trata de fiscal decentralization, subnational debt em entes subnacionais.",fiscal decentralization; subnational debt; fiscal equalization; fiscal federalism; tax effort,"BETA B., 2002, NOVA ECONOMIA, V38, P32; KAPA E., 1994, NATIONAL TAX JOURNAL, V15, P24; IOTA B., 1991, PUBLIUS: THE JOURNAL OF FEDERALISM, V10, P277; BETA E., 1991, REVISTA DE ADMINISTRACAO PUBLICA, V53, P350; GAMA A., 2000, REVISTA DE ADMINISTRACAO PUBLICA, V41, P97; ZETA A., 1999, NOVA ECONOMIA, V5, P289; ALFA E., 1988, PUBLIUS: THE JOURNAL OF FEDERALISM, V44, P273; ETA C., 1996, REVISTA DE ADMINISTRACAO PUBLICA, V60, P233; ZETA C., 1989, GESTION Y POLITICA PUBLICA, V12, P358; DELTA A., 2000, JOURNAL OF PUBLIC ECONOMICS, V34, P254; ZETA F., 1996, JOURNAL OF PUBLIC ECONOMICS, V39, P38; BETA E., 1995, INTERNATIONAL TAX AND PUBLIC FINANCE, V49, P176; GAMA D., 1995, NATIONAL TAX JOURNAL, V43, P40; IOTA E., 2007, GESTION Y POLITICA PUBLICA, V21, P175; ZETA E., 1997, REVISTA DE ADMINISTRACAO PUBLICA, V52, P234; BETA A., 2012, JOURNAL OF PUBLIC ECONOMICS, V31, P357; BETA A., 2005, NOVA ECONOMIA, V20, P332; KAPA F., 2008, PUBLIUS: THE JOURNAL OF FEDERALISM, V19, P367; ETA F., 1993, NATIONAL TAX JOURNAL, V30, P182; GAMA E., 1985, PUBLIUS: THE JOURNAL OF FEDERALISM, V4, P112; EPSILON B., 2005, INTERNATIONAL TAX AND PUBLIC FINANCE, V26, P201; TETA A., 1987, PUBLIUS: THE JOURNAL OF FEDERALISM, V26, P282; EPSILON B., 2008, PUBLIUS: THE JOURNAL OF FEDERALISM, V56, P282; EPSILON F., 1995, JOURNAL OF PUBLIC ECONOMICS, V44, P195; DELTA B., 1984, INTERNATIONAL TAX AND PUBLIC FINANCE, V10, P119; DELTA A., 1997, GESTION Y POLITICA PUBLICA, V38, P94",Article,English,Editora Sintetica,09275940
Gama D.,State capacity revisited: Canada under Argentina [registro sintetico 001],2010,Nova Economia,1,1,1,4,10.5555/exemplo.0001,"Georgia State University, Atlanta, United States","Resumo sintetico para teste do pipeline. Trata de subnational debt, fiscal equalization em entes subnacionais.",subnational debt; fiscal equalization; tax reform; regional inequality; intergovernmental transfers,"DELTA A., 1986, PUBLIUS: THE JOURNAL OF FEDERALISM, V11, P57; ZETA E., 1981, NATIONAL TAX JOURNAL, V1, P291; GAMA E., 1983, JOURNAL OF PUBLIC ECONOMICS, V40, P14; BETA B., 1999, PUBLIUS: THE JOURNAL OF FEDERALISM, V10, P325; EPSILON C., 1999, JOURNAL OF PUBLIC ECONOMICS, V31, P63; BETA D., 1994, PUBLIUS: THE JOURNAL OF FEDERALISM, V31, P160; BETA B., 1983, NOVA ECONOMIA, V22, P380; EPSILON D., 2006, NOVA ECONOMIA, V11, P265; ALFA B., 2010, REVISTA DE ADMINISTRACAO PUBLICA, V24, P76",Article,English,Editora Sintetica,01036351
Iota C.,The political economy of Canada: Argentina and the role of Municipal finance [registro sintetico 002],2020,Journal of Public Economics,1,1,1,10,10.5555/exemplo.0002,"University of Toronto, Toronto, Canada","Resumo sintetico para teste do pipeline. Trata de tax reform, fiscal decentralization em entes subnacionais.",tax reform; fiscal decentralization; soft budget constraint; local government; tax effort,"DELTA D., 2013, GESTION Y POLITICA PUBLICA, V15, P103; IOTA D., 2001, NOVA ECONOMIA, V2, P15; EPSILON D., 1998, INTERNATIONAL TAX AND PUBLIC FINANCE, V45, P310; ZETA D., 2015, NOVA ECONOMIA, V23, P187; BETA B., 1993, INTERNATIONAL TAX AND PUBLIC FINANCE, V31, P101; ZETA B., 2005, REVISTA DE ADMINISTRACAO PUBLICA, V58, P313; ALFA D., 2019, NOVA ECONOMIA, V23, P330; BETA F., 1993, PUBLIUS: THE JOURNAL OF FEDERALISM, V51, P365; DELTA D., 2018, INTERNATIONAL TAX AND PUBLIC FINANCE, V28, P326; ZETA A., 2015, NOVA ECONOMIA, V26, P238; ETA F., 2020, NATIONAL TAX JOURNAL, V47, P82; GAMA B., 1990, INTERNATIONAL TAX AND PUBLIC FINANCE, V38, P239; GAMA E., 2016, REVISTA DE ADMINISTRACAO PUBLICA, V31, P337; ZETA B., 2007, REVISTA DE ADMINISTRACAO PUBLICA, V9, P11",Article,English,Editora Sintetica,00472727
Iota F.,Measuring Tax competition across municipalities: Fiscal equalization and Fiscal capacity [registro sintetico 003],1996,Gestion y Politica Publica,1,1,1,79,10.5555/exemplo.0003,"Universidade Federal de Pernambuco, Recife, Brazil","Resumo sintetico para teste do pipeline. Trata de tax competition, tax reform em entes subnacionais.",tax competition; tax reform; revenue sharing,"ETA B., 1971, NOVA ECONOMIA, V23, P235; KAPA E., 1983, GESTION Y POLITICA PUBLICA, V59, P257; GAMA E., 1974, REVISTA DE ADMINISTRACAO PUBLICA, V33, P10; TETA B., 1989, NATIONAL TAX JOURNAL, V50, P77; GAMA B., 1985, REVISTA DE ADMINISTRACAO PUBLICA, V47, P62; IOTA A., 1980, NOVA ECONOMIA, V34, P272; IOTA D., 1995, GESTION Y POLITICA PUBLICA, V7, P287; ALFA B., 1976, JOURNAL OF PUBLIC ECONOMICS, V3, P396; BETA E., 1984, REVISTA DE ADMINISTRACAO PUBLICA, V2, P390; BETA D., 1980, REVISTA DE ADMINISTRACAO PUBLICA, V33, P311; IOTA B., 1992, JOURNAL OF PUBLIC ECONOMICS, V29, P261; IOTA D., 1986, INTERNATIONAL TAX AND PUBLIC FINANCE, V45, P268; EPSILON E., 1976, GESTION Y POLITICA PUBLICA, V29, P71; ETA A., 1982, PUBLIUS: THE JOURNAL OF FEDERALISM, V21, P38; DELTA D., 1972, INTERNATIONAL TAX AND PUBLIC FINANCE, V43, P156; BETA B., 1992, NOVA ECONOMIA, V43, P188; GAMA C., 1974, PUBLIUS: THE JOURNAL OF FEDERALISM, V15, P383; BETA D., 1985, INTERNATIONAL TAX AND PUBLIC FINANCE, V43, P115; GAMA F., 1983, REVISTA DE ADMINISTRACAO PUBLICA, V26, P174; ETA B., 1981, JOURNAL OF PUBLIC ECONOMICS, V6, P370; ZETA A., 1980, REVISTA DE ADMINISTRACAO PUBLICA, V30, P226; ALFA D., 1980, REVISTA DE ADMINISTRACAO PUBLICA, V40, P152; IOTA A., 1973, GESTION Y POLITICA PUBLICA, V15, P54; BETA C., 1978, NATIONAL TAX JOURNAL, V58, P399; GAMA C., 1994, INTERNATIONAL TAX AND PUBLIC FINANCE, V53, P217",Article,English,Editora Sintetica,14054981
Eta B.; Iota E.; Kapa D.,Intergovernmental transfers and Tax effort in subnational governments: evidence from Canada [registro sintetico 004],2023,Publius: The Journal of Federalism,1,1,1,4,10.5555/exemplo.0004,"University of Toronto, Toronto, Canada","Resumo sintetico para teste do pipeline. Trata de subnational debt, fiscal decentralization em entes subnacionais.",subnational debt; fiscal decentralization; local government; fiscal federalism; intergovernmental transfers,"BETA D., 1993, JOURNAL OF PUBLIC ECONOMICS, V36, P214; EPSILON E., 1997, NATIONAL TAX JOURNAL, V34, P364; DELTA A., 1998, JOURNAL OF PUBLIC ECONOMICS, V4, P93; DELTA C., 2013, JOURNAL OF PUBLIC ECONOMICS, V34, P389; DELTA C., 2007, REVISTA DE ADMINISTRACAO PUBLICA, V44, P92; EPSILON C., 2018, NATIONAL TAX JOURNAL, V17, P19; ALFA A., 2016, REVISTA DE ADMINISTRACAO PUBLICA, V36, P98; IOTA D., 2000, PUBLIUS: THE JOURNAL OF FEDERALISM, V7, P338; ETA F., 2008, REVISTA DE ADMINISTRACAO PUBLICA, V54, P202; IOTA C., 2015, INTERNATIONAL TAX AND PUBLIC FINANCE, V15, P176; DELTA F., 2016, NOVA ECONOMIA, V9, P208; ZETA A., 2019, INTERNATIONAL TAX AND PUBLIC FINANCE, V1, P37; EPSILON D., 1998, NATIONAL TAX JOURNAL, V6, P341; ETA E., 2014, JOURNAL OF PUBLIC ECONOMICS, V39, P125; EPSILON A., 2007, INTERNATIONAL TAX AND PUBLIC FINANCE, V11, P138; TETA A., 2001, JOURNAL OF PUBLIC ECONOMICS, V22, P281",Article,English,Editora Sintetica,00485950
Epsilon B.,The political economy of Fiscal capacity: Argentina and the role of Fiscal federalism [registro sintetico 005],2012,National Tax Journal,1,1,1,3,10.5555/exemplo.0005,"University of Toronto, Toronto, Canada; Universidad de Buenos Aires, Buenos Aires, Argentina","Resumo sintetico para teste do pipeline. Trata de intergovernmental transfers, fiscal federalism em entes subnacionais.",intergovernmental transfers; fiscal federalism; subnational debt; tax competition,"ETA E., 1983, PUBLIUS: THE JOURNAL OF FEDERALISM, V2, P154; EPSILON F., 1989, NATIONAL TAX JOURNAL, V38, P271; GAMA F., 2010, NOVA ECONOMIA, V51, P306; ETA C., 2005, PUBLIUS: THE JOURNAL OF FEDERALISM, V10, P146; KAPA F., 1986, NATIONAL TAX JOURNAL, V53, P367; IOTA F., 1995, NOVA ECONOMIA, V45, P259; GAMA E., 2006, REVISTA DE ADMINISTRACAO PUBLICA, V37, P9; KAPA F., 2003, NOVA ECONOMIA, V42, P118; BETA A., 1983, INTERNATIONAL TAX AND PUBLIC FINANCE, V41, P185; BETA D., 2008, PUBLIUS: THE JOURNAL OF FEDERALISM, V36, P26; ALFA F., 1999, NOVA ECONOMIA, V16, P251; EPSILON A., 1996, GESTION Y POLITICA PUBLICA, V5, P384",Article,English,Editora Sintetica,00280283
Iota A.,Brazil revisited: State capacity under Intergovernmental transfers [registro sintetico 006],2024,International Tax and Public Finance,1,1,1,2,10.5555/exemplo.0006,"Universidade de Sao Paulo, Sao Paulo, Brazil","Resumo sintetico para teste do pipeline. Trata de soft budget constraint, fiscal capacity em entes subnacionais.",soft budget constraint; fiscal capacity; local government; fiscal decentralization; state capacity,"KAPA F., 2014, INTERNATIONAL TAX AND PUBLIC FINANCE, V5, P308; GAMA C., 2002, NOVA ECONOMIA, V48, P355; EPSILON E., 2012, INTERNATIONAL TAX AND PUBLIC FINANCE, V1, P247; ALFA D., 2002, NOVA ECONOMIA, V7, P355; DELTA F., 2009, JOURNAL OF PUBLIC ECONOMICS, V46, P265; EPSILON D., 2008, PUBLIUS: THE JOURNAL OF FEDERALISM, V50, P61; IOTA B., 2003, NATIONAL TAX JOURNAL, V60, P243; ALFA C., 2008, NATIONAL TAX JOURNAL, V53, P260; TETA C., 2006, INTERNATIONAL TAX AND PUBLIC FINANCE, V59, P108",Article,English,Editora Sintetica,09275940
Gama F.,The political economy of Brazil: Canada and the role of State capacity [registro sintetico 007],2002,Revista de Administracao Publica,1,1,1,28,10.5555/exemplo.0007,"Universidade Federal de Pernambuco, Recife, Brazil; University of Toronto, Toronto, Canada","Resumo sintetico para teste do pipeline. Trata de local government, subnational debt em entes subnacionais.",local government; subnational debt; intergovernmental transfers; fiscal equalization; municipal finance,"GAMA D., 1983, PUBLIUS: THE JOURNAL OF FEDERALISM, V21, P62; ZETA A., 1982, GESTION Y POLITICA PUBLICA, V22, P204; BETA B., 1994, NATIONAL TAX JOURNAL, V58, P379; EPSILON C., 1983, NATIONAL TAX JOURNAL, V26, P200; KAPA A., 1983, PUBLIUS: THE JOURNAL OF FEDERALISM, V49, P141; ALFA C., 1975, NATIONAL TAX JOURNAL, V54, P339; EPSILON F., 2001, INTERNATIONAL TAX AND PUBLIC FINANCE, V16, P137; ETA E., 1982, INTERNATIONAL TAX AND PUBLIC FINANCE, V50, P192; ETA A., 1997, GESTION Y POLITICA PUBLICA, V41, P205; IOTA E., 1978, NOVA ECONOMIA, V6, P26; ETA D., 1991, GESTION Y POLITICA PUBLICA, V9, P330; EPSILON D., 1973, REVISTA DE ADMINISTRACAO PUBLICA, V9, P88; TETA D., 1982, JOURNAL OF PUBLIC ECONOMICS, V20, P131; EPSILON D., 1992, INTERNATIONAL TAX AND PUBLIC FINANCE, V20, P248; IOTA F., 1984, NATIONAL TAX JOURNAL, V11, P330; GAMA A., 1978, REVISTA DE ADMINISTRACAO PUBLICA, V58, P255; IOTA B., 1986, JOURNAL OF PUBLIC ECONOMICS, V49, P231",Article,English,Editora Sintetica,00347612
Delta A.; Gama C.,State capacity revisited: Tax reform under Tax competition [registro sintetico 008],2015,Gestion y Politica Publica,1,1,1,9,10.5555/exemplo.0008,"Universidade Federal de Pernambuco, Recife, Brazil","Resumo sintetico para teste do pipeline. Trata de fiscal decentralization, subnational debt em entes subnacionais.",fiscal decentralization; subnational debt; revenue sharing; tax reform; local government,"TETA C., 2003, JOURNAL OF PUBLIC ECONOMICS, V9, P352; IOTA E., 2005, GESTION Y POLITICA PUBLICA, V56, P111; BETA C., 2013, INTERNATIONAL TAX AND PUBLIC FINANCE, V25, P205; TETA D., 2015, JOURNAL OF PUBLIC ECONOMICS, V55, P12; GAMA A., 1998, NOVA ECONOMIA, V49, P243; KAPA D., 1985, NATIONAL TAX JOURNAL, V26, P271; TETA D., 1992, GESTION Y POLITICA PUBLICA, V7, P115; GAMA B., 2001, NOVA ECONOMIA, V7, P370; TETA A., 2002, GESTION Y POLITICA PUBLICA, V3, P1",Article,English,Editora Sintetica,14054981
Kapa A.; Epsilon B.,The political economy of State capacity: Tax effort and the role of Fiscal capacity [registro sintetico 009],2022,National Tax Journal,1,1,1,5,10.5555/exemplo.0009,"University of Toronto, Toronto, Canada","Resumo sintetico para teste do pipeline. Trata de local government, tax effort em entes subnacionais.",local government; tax effort; municipal finance; tax competition; fiscal decentralization,"ZETA F., 2018, INTERNATIONAL TAX AND PUBLIC FINANCE, V31, P270; DELTA E., 1999, NATIONAL TAX JOURNAL, V27, P361; EPSILON A., 1992, INTERNATIONAL TAX AND PUBLIC FINANCE, V32, P346; ETA A., 2000, INTERNATIONAL TAX AND PUBLIC FINANCE, V43, P218; ZETA B., 2007, NATIONAL TAX JOURNAL, V45, P174; ETA C., 2013, PUBLIUS: THE JOURNAL OF FEDERALISM, V13, P4; EPSILON F., 2019, REVISTA DE ADMINISTRACAO PUBLICA, V5, P106; TETA B., 2001, GESTION Y POLITICA PUBLICA, V53, P100; DELTA D., 1999, JOURNAL OF PUBLIC ECONOMICS, V49, P152; BETA E., 2007, REVISTA DE ADMINISTRACAO PUBLICA, V12, P115; TETA D., 2021, NOVA ECONOMIA, V4, P305; GAMA D., 1993, INTERNATIONAL TAX AND PUBLIC FINANCE, V2, P306; GAMA D., 1993, NOVA ECONOMIA, V4, P95; ETA D., 2020, NOVA ECONOMIA, V57, P161; BETA A., 2021, INTERNATIONAL TAX AND PUBLIC FINANCE, V22, P98; GAMA F., 2021, REVISTA DE ADMINISTRACAO PUBLICA, V48, P240",Article,English,Editora Sintetica,00280283
Zeta C.; Teta B.; Beta A.; Beta C.,Measuring Fiscal equalization across municipalities: Tax reform and Intergovernmental transfers [registro sintetico 010],1998,Revista de Administracao Publica,1,1,1,4,10.5555/exemplo.0010,"Georgia State University, Atlanta, United States","Resumo sintetico para teste do pipeline. Trata de subnational debt, tax competition em entes subnacionais.",subnational debt; tax competition; fiscal decentralization,"IOTA D., 1976, JOURNAL OF PUBLIC ECONOMICS, V24, P378; TETA A., 1990, PUBLIUS: THE JOURNAL OF FEDERALISM, V16, P321; ETA A., 1982, NATIONAL TAX JOURNAL, V30, P33; ALFA C., 1976, NOVA ECONOMIA, V5, P311; ZETA C., 1978, JOURNAL OF PUBLIC ECONOMICS, V40, P23; EPSILON F., 1992, NOVA ECONOMIA, V21, P142; EPSILON A., 1993, GESTION Y POLITICA PUBLICA, V39, P325; BETA A., 1996, INTERNATIONAL TAX AND PUBLIC FINANCE, V7, P244; TETA D., 1995, JOURNAL OF PUBLIC ECONOMICS, V59, P221; TETA B., 1985, INTERNATIONAL TAX AND PUBLIC FINANCE, V1, P379; EPSILON F., 1994, INTERNATIONAL TAX AND PUBLIC FINANCE, V39, P121; ZETA C., 1984, JOURNAL OF PUBLIC ECONOMICS, V51, P306; BETA E., 1976, PUBLIUS: THE JOURNAL OF FEDERALISM, V49, P82; DELTA D., 1972, NOVA ECONOMIA, V3, P247; IOTA E., 1980, INTERNATIONAL TAX AND PUBLIC FINANCE, V28, P54; BETA C., 1989, NATIONAL TAX JOURNAL, V14, P50; ETA D., 1992, PUBLIUS: THE JOURNAL OF FEDERALISM, V12, P120; GAMA D., 1984, REVISTA DE ADMINISTRACAO PUBLICA, V58, P346; DELTA F., 1987, GESTION Y POLITICA PUBLICA, V50, P341",Article,English,Editora Sintetica,00347612
Epsilon C.; Kapa C.; Zeta C.,Measuring Tax competition across municipalities: Municipal finance and Intergovernmental transfers [registro sintetico 011],2022,International Tax and Public Finance,1,1,1,3,10.5555/exemplo.0011,"Universidade de Sao Paulo, Sao Paulo, Brazil","Resumo sintetico para teste do pipeline. Trata de local government, revenue sharing em entes subnacionais.",local government; revenue sharing; fiscal capacity; tax reform; intergovernmental transfers,"IOTA B., 2012, GESTION Y POLITICA PUBLICA, V7, P335; TETA A., 1995, NATIONAL TAX JOURNAL, V31, P119; TETA C., 1993, JOURNAL OF PUBLIC ECONOMICS, V15, P62; ALFA B., 2011, GESTION Y POLITICA PUBLICA, V38, P100; BETA C., 2008, GESTION Y POLITICA PUBLICA, V12, P230; KAPA C., 2016, GESTION Y POLITICA PUBLICA, V43, P4; BETA F., 2011, NOVA ECONOMIA, V40, P180; DELTA A., 2003, JOURNAL OF PUBLIC ECONOMICS, V10, P23; DELTA C., 1993, REVISTA DE ADMINISTRACAO PUBLICA, V47, P334; DELTA A., 2018, JOURNAL OF PUBLIC ECONOMICS, V27, P348; ZETA B., 2011, JOURNAL OF PUBLIC ECONOMICS, V5, P105; ALFA D., 2009, PUBLIUS: THE JOURNAL OF FEDERALISM, V5, P209; BETA D., 2013, REVISTA DE ADMINISTRACAO PUBLICA, V10, P328; IOTA A., 2012, INTERNATIONAL TAX AND PUBLIC FINANCE, V26, P357; EPSILON D., 2001, NOVA ECONOMIA, V20, P214; ALFA C., 2015, REVISTA DE ADMINISTRACAO PUBLICA, V57, P183; ETA D., 1992, GESTION Y POLITICA PUBLICA, V50, P187; DELTA D., 2015, PUBLIUS: THE JOURNAL OF FEDERALISM, V14, P4; ETA B., 2005, NATIONAL TAX JOURNAL, V53, P47; ETA E., 2020, JOURNAL OF PUBLIC ECONOMICS, V30, P396; GAMA B., 1992, NATIONAL TAX JOURNAL, V36, P73; ETA A., 2010, REVISTA DE ADMINISTRACAO PUBLICA, V60, P190; IOTA B., 1996, JOURNAL OF PUBLIC ECONOMICS, V19, P83; IOTA B., 2021, NATIONAL TAX JOURNAL, V7, P197",Article,English,Editora Sintetica,09275940
Epsilon B.; Alfa D.,The political economy of State capacity: Tax competition and the role of Brazil [registro sintetico 012],2016,National Tax Journal,1,1,1,4,10.5555/exemplo.0012,"Universidad Nacional Autonoma de Mexico, Mexico","Resumo sintetico para teste do pipeline. Trata de fiscal federalism, fiscal equalization em entes subnacionais.",fiscal federalism; fiscal equalization; municipal finance; tax competition,"IOTA B., 1998, JOURNAL OF PUBLIC ECONOMICS, V8, P77; DELTA F., 2012, INTERNATIONAL TAX AND PUBLIC FINANCE, V3, P288; ALFA F., 2012, JOURNAL OF PUBLIC ECONOMICS, V8, P200; KAPA D., 2003, GESTION Y POLITICA PUBLICA, V41, P399; EPSILON F., 1999, JOURNAL OF PUBLIC ECONOMICS, V38, P128; ETA D., 2007, JOURNAL OF PUBLIC ECONOMICS, V29, P258; TETA B., 1986, NATIONAL TAX JOURNAL, V40, P251; TETA B., 2000, GESTION Y POLITICA PUBLICA, V40, P400; TETA B., 2011, PUBLIUS: THE JOURNAL OF FEDERALISM, V26, P55; BETA B., 1997, PUBLIUS: THE JOURNAL OF FEDERALISM, V24, P47; TETA E., 2002, NOVA ECONOMIA, V3, P21; GAMA A., 2015, NOVA ECONOMIA, V21, P399; IOTA A., 1987, GESTION Y POLITICA PUBLICA, V33, P194; GAMA A., 2013, NATIONAL TAX JOURNAL, V40, P375; BETA B., 1990, PUBLIUS: THE JOURNAL OF FEDERALISM, V19, P85; DELTA A., 2012, JOURNAL OF PUBLIC ECONOMICS, V40, P388; EPSILON B., 1996, REVISTA DE ADMINISTRACAO PUBLICA, V18, P234; GAMA C., 2002, PUBLIUS: THE JOURNAL OF FEDERALISM, V14, P304; EPSILON E., 2002, INTERNATIONAL TAX AND PUBLIC FINANCE, V21, P191; ALFA B., 1991, PUBLIUS: THE JOURNAL OF FEDERALISM, V11, P326",Article,English,Editora Sintetica,00280283
Eta B.; Epsilon A.; Iota A.,Soft budget constraint revisited: Tax effort under State capacity [registro sintetico 013],2025,Revista de Administracao Publica,1,1,1,0,10.5555/exemplo.0013,"University of Toronto, Toronto, Canada","Resumo sintetico para teste do pipeline. Trata de tax reform, subnational debt em entes subnacionais.",tax reform; subnational debt; fiscal capacity; tax effort; soft budget constraint,"DELTA B., 2014, NOVA ECONOMIA, V4, P152; IOTA C., 2004, NOVA ECONOMIA, V56, P300; ZETA F., 1995, NOVA ECONOMIA, V3, P114; GAMA C., 2014, NOVA ECONOMIA, V28, P214; IOTA C., 2023, NATIONAL TAX JOURNAL, V9, P251; DELTA E., 2015, NATIONAL TAX JOURNAL, V2, P28; ALFA E., 2006, JOURNAL OF PUBLIC ECONOMICS, V7, P268; ZETA E., 2002, PUBLIUS: THE JOURNAL OF FEDERALISM, V38, P155; KAPA B., 2001, JOURNAL OF PUBLIC ECONOMICS, V40, P244; GAMA B., 1995, GESTION Y POLITICA PUBLICA, V16, P363; GAMA D., 1998, NATIONAL TAX JOURNAL, V41, P75; EPSILON D., 2020, JOURNAL OF PUBLIC ECONOMICS, V1, P29; IOTA C., 2014, NOVA ECONOMIA, V38, P228; KAPA E., 2018, PUBLIUS: THE JOURNAL OF FEDERALISM, V16, P85; ALFA A., 1996, REVISTA DE ADMINISTRACAO PUBLICA, V2, P208; GAMA B., 2000, NATIONAL TAX JOURNAL, V59, P399; BETA A., 2014, REVISTA DE ADMINISTRACAO PUBLICA, V43, P101; GAMA D., 2001, REVISTA DE ADMINISTRACAO PUBLICA, V39, P330; IOTA F., 2015, PUBLIUS: THE JOURNAL OF FEDERALISM, V53, P314; GAMA E., 2004, NATIONAL TAX JOURNAL, V20, P321; ALFA F., 2020, PUBLIUS: THE JOURNAL OF FEDERALISM, V46, P276; ALFA D., 2022, PUBLIUS: THE JOURNAL OF FEDERALISM, V48, P239",Article,English,Editora Sintetica,00347612
Gama B.; Beta C.; Delta F.; Alfa A.,Argentina revisited: Tax effort under Fiscal equalization [registro sintetico 014],2002,Nova Economia,1,1,1,42,10.5555/exemplo.0014,"University of Toronto, Toronto, Canada","Resumo sintetico para teste do pipeline. Trata de regional inequality, soft budget constraint em entes subnacionais.",regional inequality; soft budget constraint; tax reform; local government,"BETA E., 1972, INTERNATIONAL TAX AND PUBLIC FINANCE, V17, P121; DELTA B., 1995, JOURNAL OF PUBLIC ECONOMICS, V13, P200; ZETA E., 1979, PUBLIUS: THE JOURNAL OF FEDERALISM, V59, P323; IOTA D., 1987, GESTION Y POLITICA PUBLICA, V34, P358; ALFA A., 1985, NOVA ECONOMIA, V15, P293; EPSILON B., 1984, REVISTA DE ADMINISTRACAO PUBLICA, V38, P40; KAPA B., 1976, NATIONAL TAX JOURNAL, V2, P58; BETA E., 2001, INTERNATIONAL TAX AND PUBLIC FINANCE, V23, P73; ALFA A., 1973, INTERNATIONAL TAX AND PUBLIC FINANCE, V45, P330; ALFA F., 1974, NOVA ECONOMIA, V3, P34; KAPA C., 1978, GESTION Y POLITICA PUBLICA, V53, P274; BETA F., 2002, PUBLIUS: THE JOURNAL OF FEDERALISM, V7, P127; DELTA B., 1975, NATIONAL TAX JOURNAL, V3, P386; BETA F., 1992, JOURNAL OF PUBLIC ECONOMICS, V31, P52",Article,English,Editora Sintetica,01036351
Epsilon C.; Zeta D.,Fiscal equalization revisited: Fiscal federalism under Tax reform [registro sintetico 015],2005,National Tax Journal,1,1,1,2,10.5555/exemplo.0015,"University of Toronto, Toronto, Canada; Universidad de Buenos Aires, Buenos Aires, Argentina","Resumo sintetico para teste do pipeline. Trata de fiscal federalism, subnational debt em entes subnacionais.",fiscal federalism; subnational debt; local government; state capacity,"ZETA D., 1997, NATIONAL TAX JOURNAL, V35, P290; DELTA F., 2002, GESTION Y POLITICA PUBLICA, V6, P295; EPSILON B., 1988, NATIONAL TAX JOURNAL, V34, P104; EPSILON A., 1975, JOURNAL OF PUBLIC ECONOMICS, V32, P49; TETA F., 2000, GESTION Y POLITICA PUBLICA, V12, P254; KAPA C., 2005, GESTION Y POLITICA PUBLICA, V33, P134; KAPA B., 1984, GESTION Y POLITICA PUBLICA, V14, P359; DELTA D., 1980, NATIONAL TAX JOURNAL, V41, P393; BETA D., 2000, NOVA ECONOMIA, V36, P54; ZETA C., 1978, PUBLIUS: THE JOURNAL OF FEDERALISM, V60, P203; BETA D., 2003, NOVA ECONOMIA, V2, P191",Article,English,Editora Sintetica,00280283
Eta E.; Iota B.; Eta F.,Measuring Argentina across municipalities: Local government and Regional inequality [registro sintetico 016],2008,Revista de Administracao Publica,1,1,1,33,10.5555/exemplo.0016,"University of Toronto, Toronto, Canada","Resumo sintetico para teste do pipeline. Trata de fiscal capacity, intergovernmental transfers em entes subnacionais.",fiscal capacity; intergovernmental transfers; tax effort,"TETA D., 2000, GESTION Y POLITICA PUBLICA, V17, P297; DELTA B., 1988, PUBLIUS: THE JOURNAL OF FEDERALISM, V42, P357; DELTA E., 1984, JOURNAL OF PUBLIC ECONOMICS, V20, P387; KAPA B., 2001, INTERNATIONAL TAX AND PUBLIC FINANCE, V16, P371; ZETA E., 1994, JOURNAL OF PUBLIC ECONOMICS, V11, P121; ZETA B., 1986, NOVA ECONOMIA, V7, P85; BETA B., 1990, INTERNATIONAL TAX AND PUBLIC FINANCE, V10, P155; EPSILON D., 1986, INTERNATIONAL TAX AND PUBLIC FINANCE, V7, P327; BETA C., 1984, PUBLIUS: THE JOURNAL OF FEDERALISM, V30, P18; ALFA D., 2005, GESTION Y POLITICA PUBLICA, V28, P356; DELTA E., 1998, JOURNAL OF PUBLIC ECONOMICS, V30, P12; GAMA C., 1997, NOVA ECONOMIA, V26, P3; DELTA D., 2000, REVISTA DE ADMINISTRACAO PUBLICA, V38, P384",Article,English,Editora Sintetica,00347612
Kapa B.; Gama F.,The political economy of State capacity: Subnational debt and the role of Tax effort [registro sintetico 017],2020,Journal of Public Economics,1,1,1,0,10.5555/exemplo.0017,"Georgia State University, Atlanta, United States","Resumo sintetico para teste do pipeline. Trata de fiscal capacity, tax competition em entes subnacionais.",fiscal capacity; tax competition; subnational debt,"GAMA F., 2000, GESTION Y POLITICA PUBLICA, V1, P200; TETA A., 1991, JOURNAL OF PUBLIC ECONOMICS, V35, P112; GAMA F., 2015, INTERNATIONAL TAX AND PUBLIC FINANCE, V34, P179; BETA E., 2004, REVISTA DE ADMINISTRACAO PUBLICA, V14, P368; TETA E., 1990, NOVA ECONOMIA, V51, P190; IOTA C., 2003, NOVA ECONOMIA, V30, P108; GAMA D., 2006, GESTION Y POLITICA PUBLICA, V60, P63; KAPA C., 2010, NATIONAL TAX JOURNAL, V17, P141; ETA D., 1991, NATIONAL TAX JOURNAL, V5, P215; ETA F., 2012, NOVA ECONOMIA, V23, P298; EPSILON A., 1997, JOURNAL OF PUBLIC ECONOMICS, V48, P206; IOTA B., 2015, PUBLIUS: THE JOURNAL OF FEDERALISM, V30, P109; GAMA B., 2019, GESTION Y POLITICA PUBLICA, V5, P325; DELTA D., 2010, REVISTA DE ADMINISTRACAO PUBLICA, V47, P116; GAMA C., 2011, NOVA ECONOMIA, V54, P212; TETA C., 2014, REVISTA DE ADMINISTRACAO PUBLICA, V42, P65; TETA C., 2015, GESTION Y POLITICA PUBLICA, V15, P137; ETA F., 1998, PUBLIUS: THE JOURNAL OF FEDERALISM, V44, P96; TETA A., 2015, NOVA ECONOMIA, V52, P144; ZETA B., 2010, JOURNAL OF PUBLIC ECONOMICS, V21, P246; TETA D., 2009, NOVA ECONOMIA, V6, P338; ZETA B., 2019, JOURNAL OF PUBLIC ECONOMICS, V55, P198; ALFA A., 2016, REVISTA DE ADMINISTRACAO PUBLICA, V58, P167; GAMA E., 2016, JOURNAL OF PUBLIC ECONOMICS, V41, P299",Article,English,Editora Sintetica,00472727
Delta A.,Soft budget constraint revisited: Local government under Tax competition [registro sintetico 018],1996,International Tax and Public Finance,1,1,1,12,10.5555/exemplo.0018,"Universidade de Sao Paulo, Sao Paulo, Brazil","Resumo sintetico para teste do pipeline. Trata de local government, regional inequality em entes subnacionais.",local government; regional inequality; fiscal equalization; fiscal decentralization; state capacity,"BETA F., 1987, GESTION Y POLITICA PUBLICA, V41, P153; DELTA D., 1992, INTERNATIONAL TAX AND PUBLIC FINANCE, V34, P41; TETA F., 1973, REVISTA DE ADMINISTRACAO PUBLICA, V8, P136; ETA B., 1996, INTERNATIONAL TAX AND PUBLIC FINANCE, V31, P253; IOTA A., 1985, PUBLIUS: THE JOURNAL OF FEDERALISM, V58, P74; TETA B., 1985, INTERNATIONAL TAX AND PUBLIC FINANCE, V35, P307; ALFA B., 1996, JOURNAL OF PUBLIC ECONOMICS, V30, P357; KAPA D., 1991, JOURNAL OF PUBLIC ECONOMICS, V54, P239; ZETA D., 1983, NOVA ECONOMIA, V5, P93; ZETA F., 1990, NATIONAL TAX JOURNAL, V2, P313; ALFA F., 1993, JOURNAL OF PUBLIC ECONOMICS, V52, P49; IOTA D., 1985, GESTION Y POLITICA PUBLICA, V58, P74; ALFA B., 1992, PUBLIUS: THE JOURNAL OF FEDERALISM, V41, P65; ZETA A., 1991, JOURNAL OF PUBLIC ECONOMICS, V22, P243; IOTA E., 1994, INTERNATIONAL TAX AND PUBLIC FINANCE, V19, P223; ZETA D., 1978, REVISTA DE ADMINISTRACAO PUBLICA, V4, P149; EPSILON C., 1996, PUBLIUS: THE JOURNAL OF FEDERALISM, V26, P171; IOTA C., 1986, JOURNAL OF PUBLIC ECONOMICS, V14, P336; TETA A., 1980, INTERNATIONAL TAX AND PUBLIC FINANCE, V21, P366; EPSILON B., 1988, NOVA ECONOMIA, V6, P21; ETA F., 1987, PUBLIUS: THE JOURNAL OF FEDERALISM, V35, P294; ALFA D., 1979, NATIONAL TAX JOURNAL, V1, P24; DELTA D., 1989, GESTION Y POLITICA PUBLICA, V43, P31; IOTA E., 1989, PUBLIUS: THE JOURNAL OF FEDERALISM, V40, P76; KAPA F., 1972, INTERNATIONAL TAX AND PUBLIC FINANCE, V3, P342; TETA F., 1994, INTERNATIONAL TAX AND PUBLIC FINANCE, V7, P340; GAMA A., 1983, GESTION Y POLITICA PUBLICA, V7, P336",Article,English,Editora Sintetica,09275940
Epsilon E.; Epsilon C.,Brazil and Argentina in subnational governments: evidence from Fiscal decentralization [registro sintetico 019],1996,National Tax Journal,1,1,1,102,10.5555/exemplo.0019,"Universidad de Buenos Aires, Buenos Aires, Argentina; Universidad Nacional Autonoma de Mexico, Mexico","Resumo sintetico para teste do pipeline. Trata de tax competition, fiscal federalism em entes subnacionais.",tax competition; fiscal federalism; subnational debt,"KAPA F., 1982, PUBLIUS: THE JOURNAL OF FEDERALISM, V5, P8; ETA E., 1988, NOVA ECONOMIA, V10, P244; ETA E., 1973, NATIONAL TAX JOURNAL, V42, P242; DELTA B., 1990, NATIONAL TAX JOURNAL, V28, P3; ALFA F., 1991, NATIONAL TAX JOURNAL, V55, P46; DELTA A., 1974, PUBLIUS: THE JOURNAL OF FEDERALISM, V2, P142; KAPA B., 1984, NOVA ECONOMIA, V48, P96; ALFA C., 1994, NOVA ECONOMIA, V46, P356; GAMA F., 1994, NATIONAL TAX JOURNAL, V19, P322; IOTA F., 1985, PUBLIUS: THE JOURNAL OF FEDERALISM, V43, P131; ALFA F., 1971, NATIONAL TAX JOURNAL, V4, P8; KAPA A., 1982, JOURNAL OF PUBLIC ECONOMICS, V20, P374; KAPA B., 1996, PUBLIUS: THE JOURNAL OF FEDERALISM, V39, P31; ZETA C., 1988, NOVA ECONOMIA, V29, P241; GAMA B., 1995, NATIONAL TAX JOURNAL, V24, P331; GAMA F., 1995, PUBLIUS: THE JOURNAL OF FEDERALISM, V31, P198; TETA C., 1995, GESTION Y POLITICA PUBLICA, V37, P171; EPSILON C., 1971, REVISTA DE ADMINISTRACAO PUBLICA, V42, P361; KAPA C., 1989, NOVA ECONOMIA, V1, P78; KAPA C., 1988, PUBLIUS: THE JOURNAL OF FEDERALISM, V57, P127; ETA D., 1991, PUBLIUS: THE JOURNAL OF FEDERALISM, V39, P395",Article,English,Editora Sintetica,00280283
Epsilon F.; Alfa C.; Epsilon C.; Eta B.,The political economy of Tax effort: Brazil and the role of Soft budget constraint [registro sintetico 020],2024,Gestion y Politica Publica,1,1,1,2,10.5555/exemplo.0020,"Universidad de Buenos Aires, Buenos Aires, Argentina","Resumo sintetico para teste do pipeline. Trata de regional inequality, tax reform em entes subnacionais.",regional inequality; tax reform; state capacity; fiscal federalism; local government,"ETA B., 2019, GESTION Y POLITICA PUBLICA, V47, P120; EPSILON E., 1995, NOVA ECONOMIA, V26, P239; DELTA C., 2012, GESTION Y POLITICA PUBLICA, V1, P198; TETA E., 1996, REVISTA DE ADMINISTRACAO PUBLICA, V52, P182; BETA B., 2006, REVISTA DE ADMINISTRACAO PUBLICA, V34, P133; IOTA C., 2009, REVISTA DE ADMINISTRACAO PUBLICA, V38, P104; DELTA B., 2000, NATIONAL TAX JOURNAL, V12, P359; EPSILON C., 2012, REVISTA DE ADMINISTRACAO PUBLICA, V23, P207; IOTA B., 2001, NATIONAL TAX JOURNAL, V60, P253; ZETA A., 2005, NOVA ECONOMIA, V30, P42; GAMA C., 2013, NATIONAL TAX JOURNAL, V23, P144; IOTA E., 1994, NATIONAL TAX JOURNAL, V3, P105; KAPA D., 2012, REVISTA DE ADMINISTRACAO PUBLICA, V14, P134; EPSILON D., 1997, PUBLIUS: THE JOURNAL OF FEDERALISM, V50, P304; KAPA B., 2002, GESTION Y POLITICA PUBLICA, V3, P174; DELTA B., 2006, NATIONAL TAX JOURNAL, V2, P27; ALFA E., 2005, GESTION Y POLITICA PUBLICA, V46, P235; TETA A., 2021, REVISTA DE ADMINISTRACAO PUBLICA, V41, P204; BETA F., 2024, NATIONAL TAX JOURNAL, V17, P164; KAPA B., 2014, NATIONAL TAX JOURNAL, V59, P343; IOTA D., 1999, PUBLIUS: THE JOURNAL OF FEDERALISM, V55, P82; ZETA B., 2017, INTERNATIONAL TAX AND PUBLIC FINANCE, V12, P20; EPSILON C., 1995, REVISTA DE ADMINISTRACAO PUBLICA, V58, P15",Article,English,Editora Sintetica,14054981
Epsilon E.,Tax competition and Fiscal equalization in subnational governments: evidence from Regional inequality [registro sintetico 021],2023,National Tax Journal,1,1,1,2,10.5555/exemplo.0021,"University of Toronto, Toronto, Canada","Resumo sintetico para teste do pipeline. Trata de soft budget constraint, municipal finance em entes subnacionais.",soft budget constraint; municipal finance; state capacity; fiscal capacity; fiscal federalism,"ZETA D., 2005, INTERNATIONAL TAX AND PUBLIC FINANCE, V29, P123; GAMA F., 2021, NATIONAL TAX JOURNAL, V30, P368; DELTA A., 1998, GESTION Y POLITICA PUBLICA, V15, P40; KAPA C., 2021, NOVA ECONOMIA, V9, P399; TETA A., 2022, PUBLIUS: THE JOURNAL OF FEDERALISM, V54, P12; BETA D., 2003, JOURNAL OF PUBLIC ECONOMICS, V53, P120; TETA A., 2013, JOURNAL OF PUBLIC ECONOMICS, V10, P170; DELTA F., 1994, INTERNATIONAL TAX AND PUBLIC FINANCE, V46, P232; IOTA B., 2007, GESTION Y POLITICA PUBLICA, V10, P137; ETA D., 2000, INTERNATIONAL TAX AND PUBLIC FINANCE, V2, P139; KAPA C., 2003, GESTION Y POLITICA PUBLICA, V11, P134",Article,English,Editora Sintetica,00280283
Teta D.; Beta B.; Iota A.,The political economy of Soft budget constraint: Tax reform and the role of Tax effort [registro sintetico 022],2016,Publius: The Journal of Federalism,1,1,1,2,10.5555/exemplo.0022,"Universidade Federal de Pernambuco, Recife, Brazil; University of Toronto, Toronto, Canada","Resumo sintetico para teste do pipeline. Trata de regional inequality, state capacity em entes subnacionais.",regional inequality; state capacity; municipal finance; revenue sharing; tax effort,"ALFA F., 1995, INTERNATIONAL TAX AND PUBLIC FINANCE, V41, P9; TETA E., 1996, REVISTA DE ADMINISTRACAO PUBLICA, V9, P227; ALFA E., 1995, INTERNATIONAL TAX AND PUBLIC FINANCE, V24, P223; ALFA D., 1992, JOURNAL OF PUBLIC ECONOMICS, V37, P93; GAMA B., 2002, GESTION Y POLITICA PUBLICA, V15, P365; GAMA B., 2005, NATIONAL TAX JOURNAL, V54, P45; KAPA F., 2001, GESTION Y POLITICA PUBLICA, V18, P90; DELTA B., 2005, NOVA ECONOMIA, V46, P322; DELTA E., 1995, INTERNATIONAL TAX AND PUBLIC FINANCE, V1, P34; IOTA D., 2012, NOVA ECONOMIA, V59, P29; IOTA C., 1996, JOURNAL OF PUBLIC ECONOMICS, V54, P328; TETA A., 1986, PUBLIUS: THE JOURNAL OF FEDERALISM, V59, P391; TETA B., 2013, NOVA ECONOMIA, V18, P128",Article,English,Editora Sintetica,00485950
Alfa B.; Zeta E.; Kapa A.,Measuring State capacity across municipalities: Fiscal decentralization and Fiscal equalization [registro sintetico 023],2007,National Tax Journal,1,1,1,83,10.5555/exemplo.0023,"Universidad Nacional Autonoma de Mexico, Mexico; Universidade de Sao Paulo, Sao Paulo, Brazil","Resumo sintetico para teste do pipeline. Trata de tax effort, fiscal capacity em entes subnacionais.",tax effort; fiscal capacity; regional inequality; fiscal decentralization,"TETA E., 1977, REVISTA DE ADMINISTRACAO PUBLICA, V52, P276; GAMA A., 1984, NATIONAL TAX JOURNAL, V15, P317; GAMA B., 1980, JOURNAL OF PUBLIC ECONOMICS, V17, P285; ALFA A., 1980, NOVA ECONOMIA, V48, P100; EPSILON A., 2003, REVISTA DE ADMINISTRACAO PUBLICA, V41, P296; TETA E., 1984, NOVA ECONOMIA, V29, P53; ZETA A., 1999, INTERNATIONAL TAX AND PUBLIC FINANCE, V3, P140; BETA D., 1992, REVISTA DE ADMINISTRACAO PUBLICA, V33, P390; EPSILON A., 1980, NATIONAL TAX JOURNAL, V26, P71; IOTA E., 1984, GESTION Y POLITICA PUBLICA, V15, P76; KAPA D., 2000, PUBLIUS: THE JOURNAL OF FEDERALISM, V11, P10; ETA F., 1990, REVISTA DE ADMINISTRACAO PUBLICA, V54, P309; IOTA A., 1989, NATIONAL TAX JOURNAL, V50, P186; ZETA D., 1984, GESTION Y POLITICA PUBLICA, V22, P367; ETA E., 2002, JOURNAL OF PUBLIC ECONOMICS, V53, P206; IOTA A., 1987, REVISTA DE ADMINISTRACAO PUBLICA, V10, P349; ZETA B., 2004, PUBLIUS: THE JOURNAL OF FEDERALISM, V43, P324; ALFA C., 1980, REVISTA DE ADMINISTRACAO PUBLICA, V12, P36; ZETA D., 1983, REVISTA DE ADMINISTRACAO PUBLICA, V43, P11; DELTA B., 1990, PUBLIUS: THE JOURNAL OF FEDERALISM, V50, P233; ALFA A., 1978, GESTION Y POLITICA PUBLICA, V42, P318; EPSILON F., 1996, JOURNAL OF PUBLIC ECONOMICS, V41, P278; ALFA E., 1980, JOURNAL OF PUBLIC ECONOMICS, V8, P267",Article,English,Editora Sintetica,00280283
Alfa C.; Beta C.,The political economy of Regional inequality: Revenue sharing and the role of Local government [registro sintetico 024],1996,Revista de Administracao Publica,1,1,1,142,10.5555/exemplo.0024,"Universidade Federal de Pernambuco, Recife, Brazil; Georgia State University, Atlanta, United States","Resumo sintetico para teste do pipeline. Trata de municipal finance, intergovernmental transfers em entes subnacionais.",municipal finance; intergovernmental transfers; fiscal decentralization; fiscal federalism,"EPSILON C., 1977, NOVA ECONOMIA, V6, P380; IOTA C., 1996, PUBLIUS: THE JOURNAL OF FEDERALISM, V40, P356; KAPA B., 1990, PUBLIUS: THE JOURNAL OF FEDERALISM, V13, P281; ZETA D., 1987, JOURNAL OF PUBLIC ECONOMICS, V40, P245; TETA C., 1970, INTERNATIONAL TAX AND PUBLIC FINANCE, V22, P114; DELTA E., 1987, PUBLIUS: THE JOURNAL OF FEDERALISM, V38, P203; ALFA C., 1975, GESTION Y POLITICA PUBLICA, V16, P166; IOTA C., 1985, JOURNAL OF PUBLIC ECONOMICS, V19, P111; EPSILON A., 1994, NATIONAL TAX JOURNAL, V11, P283; BETA E., 1981, PUBLIUS: THE JOURNAL OF FEDERALISM, V43, P32; IOTA D., 1996, PUBLIUS: THE JOURNAL OF FEDERALISM, V23, P377; BETA E., 1977, NOVA ECONOMIA, V48, P80; ETA C., 1991, JOURNAL OF PUBLIC ECONOMICS, V9, P346; DELTA E., 1989, GESTION Y POLITICA PUBLICA, V18, P266; BETA F., 1993, GESTION Y POLITICA PUBLICA, V31, P138; GAMA D., 1973, NATIONAL TAX JOURNAL, V27, P393; IOTA E., 1973, PUBLIUS: THE JOURNAL OF FEDERALISM, V26, P293; GAMA D., 1995, JOURNAL OF PUBLIC ECONOMICS, V56, P319; KAPA A., 1982, GESTION Y POLITICA PUBLICA, V29, P355; TETA C., 1993, JOURNAL OF PUBLIC ECONOMICS, V19, P181; ETA E., 1987, REVISTA DE ADMINISTRACAO PUBLICA, V25, P332; ZETA A., 1995, NOVA ECONOMIA, V55, P256; ETA D., 1979, INTERNATIONAL TAX AND PUBLIC FINANCE, V35, P156; GAMA D., 1988, PUBLIUS: THE JOURNAL OF FEDERALISM, V38, P119; BETA C., 1980, GESTION Y POLITICA PUBLICA, V39, P125; ZETA B., 1983, NATIONAL TAX JOURNAL, V2, P25",Article,English,Editora Sintetica,00347612
Epsilon E.; Epsilon E.; Kapa D.; Iota E.,Argentina and Fiscal capacity in subnational governments: evidence from Revenue sharing [registro sintetico 025],2010,National Tax Journal,1,1,1,15,10.5555/exemplo.0025,"Georgia State University, Atlanta, United States; Universidade Federal de Pernambuco, Recife, Brazil","Resumo sintetico para teste do pipeline. Trata de municipal finance, tax competition em entes subnacionais.",municipal finance; tax competition; tax reform; fiscal capacity; subnational debt,"IOTA E., 1984, INTERNATIONAL TAX AND PUBLIC FINANCE, V27, P250; ETA D., 2004, REVISTA DE ADMINISTRACAO PUBLICA, V58, P301; ZETA F., 1996, NOVA ECONOMIA, V53, P48; GAMA C., 1990, JOURNAL OF PUBLIC ECONOMICS, V5, P160; IOTA B., 1983, NOVA ECONOMIA, V58, P151; ZETA E., 2008, PUBLIUS: THE JOURNAL OF FEDERALISM, V41, P81; IOTA C., 2006, REVISTA DE ADMINISTRACAO PUBLICA, V14, P259; DELTA D., 1985, NATIONAL TAX JOURNAL, V41, P290; KAPA A., 1991, REVISTA DE ADMINISTRACAO PUBLICA, V41, P326; ALFA F., 1993, NATIONAL TAX JOURNAL, V51, P2; EPSILON F., 2002, REVISTA DE ADMINISTRACAO PUBLICA, V1, P156; ETA A., 1998, NATIONAL TAX JOURNAL, V43, P16; DELTA B., 1995, GESTION Y POLITICA PUBLICA, V36, P291; EPSILON F., 2008, REVISTA DE ADMINISTRACAO PUBLICA, V33, P74; KAPA B., 1993, REVISTA DE ADMINISTRACAO PUBLICA, V8, P75; GAMA E., 2004, REVISTA DE ADMINISTRACAO PUBLICA, V7, P15; BETA A., 1985, REVISTA DE ADMINISTRACAO PUBLICA, V32, P240; KAPA D., 2005, GESTION Y POLITICA PUBLICA, V4, P333; ALFA F., 2004, REVISTA DE ADMINISTRACAO PUBLICA, V21, P74; DELTA C., 1988, INTERNATIONAL TAX AND PUBLIC FINANCE, V3, P137; BETA E., 1982, JOURNAL OF PUBLIC ECONOMICS, V13, P231; KAPA D., 1980, NATIONAL TAX JOURNAL, V15, P203; KAPA A., 1994, NATIONAL TAX JOURNAL, V40, P123; DELTA B., 1981, INTERNATIONAL TAX AND PUBLIC FINANCE, V60, P301; GAMA C., 1980, GESTION Y POLITICA PUBLICA, V53, P234; EPSILON D., 1999, JOURNAL OF PUBLIC ECONOMICS, V57, P254; BETA B., 2001, PUBLIUS: THE JOURNAL OF FEDERALISM, V44, P368; KAPA B., 1993, JOURNAL OF PUBLIC ECONOMICS, V26, P365",Article,English,Editora Sintetica,00280283
Beta B.; Gama C.,Municipal finance revisited: State capacity under Intergovernmental transfers [registro sintetico 026],2016,Revista de Administracao Publica,1,1,1,8,10.5555/exemplo.0026,"Universidade Federal de Pernambuco, Recife, Brazil; University of Toronto, Toronto, Canada","Resumo sintetico para teste do pipeline. Trata de intergovernmental transfers, fiscal federalism em entes subnacionais.",intergovernmental transfers; fiscal federalism; local government; tax competition,"DELTA D., 1987, JOURNAL OF PUBLIC ECONOMICS, V43, P13; ZETA B., 1993, NOVA ECONOMIA, V9, P48; DELTA C., 2003, GESTION Y POLITICA PUBLICA, V51, P66; IOTA D., 2000, GESTION Y POLITICA PUBLICA, V51, P123; GAMA C., 1997, INTERNATIONAL TAX AND PUBLIC FINANCE, V47, P208; ETA F., 2016, REVISTA DE ADMINISTRACAO PUBLICA, V14, P153; TETA E., 1992, INTERNATIONAL TAX AND PUBLIC FINANCE, V55, P232; GAMA F., 1994, REVISTA DE ADMINISTRACAO PUBLICA, V58, P226; KAPA C., 2003, INTERNATIONAL TAX AND PUBLIC FINANCE, V26, P312; IOTA B., 1990, GESTION Y POLITICA PUBLICA, V49, P63; IOTA A., 2003, GESTION Y POLITICA PUBLICA, V18, P377; ETA A., 2007, NOVA ECONOMIA, V37, P75; EPSILON A., 1998, NOVA ECONOMIA, V6, P356; GAMA B., 1996, INTERNATIONAL TAX AND PUBLIC FINANCE, V43, P56; BETA E., 2015, JOURNAL OF PUBLIC ECONOMICS, V52, P257; EPSILON B., 1988, NOVA ECONOMIA, V20, P46; DELTA C., 1990, GESTION Y POLITICA PUBLICA, V46, P205; EPSILON C., 1998, GESTION Y POLITICA PUBLICA, V59, P238; GAMA C., 1991, NATIONAL TAX JOURNAL, V24, P348",Article,English,Editora Sintetica,00347612
Eta A.; Teta B.; Eta C.,State capacity and Fiscal decentralization in subnational governments: evidence from Subnational debt [registro sintetico 027],2022,Revista de Administracao Publica,1,1,1,3,10.5555/exemplo.0027,"Universidad Nacional Autonoma de Mexico, Mexico","Resumo sintetico para teste do pipeline. Trata de fiscal decentralization, intergovernmental transfers em entes subnacionais.",fiscal decentralization; intergovernmental transfers; local government; regional inequality; state capacity,"ETA F., 1993, REVISTA DE ADMINISTRACAO PUBLICA, V20, P323; GAMA E., 2018, INTERNATIONAL TAX AND PUBLIC FINANCE, V37, P255; IOTA C., 2021, PUBLIUS: THE JOURNAL OF FEDERALISM, V43, P351; KAPA C., 2021, NATIONAL TAX JOURNAL, V8, P392; EPSILON A., 2020, GESTION Y POLITICA PUBLICA, V38, P311; ALFA B., 2013, NATIONAL TAX JOURNAL, V3, P164; DELTA C., 2015, NATIONAL TAX JOURNAL, V27, P356; ETA F., 2011, GESTION Y POLITICA PUBLICA, V15, P144; IOTA A., 2003, PUBLIUS: THE JOURNAL OF FEDERALISM, V29, P175; IOTA F., 2014, GESTION Y POLITICA PUBLICA, V54, P322; TETA E., 1993, NOVA ECONOMIA, V45, P106; ETA F., 2008, GESTION Y POLITICA PUBLICA, V60, P399",Article,English,Editora Sintetica,00347612
Alfa F.; Iota C.,Measuring Fiscal capacity across municipalities: Fiscal decentralization and Subnational debt [registro sintetico 028],2005,Nova Economia,1,1,1,16,10.5555/exemplo.0028,"Universidad de Buenos Aires, Buenos Aires, Argentina","Resumo sintetico para teste do pipeline. Trata de tax effort, intergovernmental transfers em entes subnacionais.",tax effort; intergovernmental transfers; state capacity,"EPSILON B., 1979, NOVA ECONOMIA, V46, P250; TETA B., 1997, INTERNATIONAL TAX AND PUBLIC FINANCE, V1, P264; TETA B., 2004, NOVA ECONOMIA, V23, P358; EPSILON B., 2003, NOVA ECONOMIA, V10, P301; KAPA B., 1985, NOVA ECONOMIA, V53, P61; IOTA D., 1999, INTERNATIONAL TAX AND PUBLIC FINANCE, V44, P342; GAMA E., 1989, GESTION Y POLITICA PUBLICA, V50, P208; DELTA A., 1997, JOURNAL OF PUBLIC ECONOMICS, V1, P185; TETA B., 1976, NATIONAL TAX JOURNAL, V58, P144; EPSILON B., 1978, NOVA ECONOMIA, V20, P230; BETA B., 1985, PUBLIUS: THE JOURNAL OF FEDERALISM, V30, P292; ZETA C., 1980, REVISTA DE ADMINISTRACAO PUBLICA, V5, P24; ALFA D., 1999, PUBLIUS: THE JOURNAL OF FEDERALISM, V6, P383; ZETA F., 1993, JOURNAL OF PUBLIC ECONOMICS, V7, P331",Article,English,Editora Sintetica,01036351
Teta B.; Iota C.; Alfa C.; Beta F.,Local government and Fiscal federalism in subnational governments: evidence from Argentina [registro sintetico 029],2016,Nova Economia,1,1,1,27,10.5555/exemplo.0029,"Universidad Nacional Autonoma de Mexico, Mexico; Universidade de Sao Paulo, Sao Paulo, Brazil","Resumo sintetico para teste do pipeline. Trata de municipal finance, fiscal equalization em entes subnacionais.",municipal finance; fiscal equalization; soft budget constraint; regional inequality,"ZETA B., 2016, NOVA ECONOMIA, V34, P350; GAMA A., 2011, NOVA ECONOMIA, V54, P159; KAPA C., 1998, INTERNATIONAL TAX AND PUBLIC FINANCE, V42, P183; ZETA B., 1997, INTERNATIONAL TAX AND PUBLIC FINANCE, V36, P190; EPSILON B., 1987, NATIONAL TAX JOURNAL, V7, P291; ETA A., 2016, INTERNATIONAL TAX AND PUBLIC FINANCE, V32, P217; TETA F., 1991, JOURNAL OF PUBLIC ECONOMICS, V39, P298; BETA B., 2008, INTERNATIONAL TAX AND PUBLIC FINANCE, V11, P71; TETA F., 1998, NATIONAL TAX JOURNAL, V3, P226; TETA B., 1992, NOVA ECONOMIA, V24, P2; ALFA E., 2013, GESTION Y POLITICA PUBLICA, V51, P262; ETA B., 1995, NATIONAL TAX JOURNAL, V43, P29; IOTA F., 1999, JOURNAL OF PUBLIC ECONOMICS, V5, P225; ALFA F., 2016, GESTION Y POLITICA PUBLICA, V12, P372; GAMA D., 1995, NATIONAL TAX JOURNAL, V29, P289; ZETA E., 1992, PUBLIUS: THE JOURNAL OF FEDERALISM, V6, P278; ZETA E., 2000, PUBLIUS: THE JOURNAL OF FEDERALISM, V35, P321",Article,English,Editora Sintetica,01036351
Kapa E.; Beta A.; Zeta E.; Epsilon E.,Tax competition and Fiscal capacity in subnational governments: evidence from Regional inequality [registro sintetico 030],2023,International Tax and Public Finance,1,1,1,6,10.5555/exemplo.0030,"University of Toronto, Toronto, Canada; Universidad de Buenos Aires, Buenos Aires, Argentina","Resumo sintetico para teste do pipeline. Trata de tax competition, subnational debt em entes subnacionais.",tax competition; subnational debt; fiscal capacity; municipal finance; soft budget constraint,"ZETA E., 2011, PUBLIUS: THE JOURNAL OF FEDERALISM, V24, P272; DELTA E., 2007, PUBLIUS: THE JOURNAL OF FEDERALISM, V17, P59; DELTA B., 2023, INTERNATIONAL TAX AND PUBLIC FINANCE, V36, P384; BETA B., 2020, GESTION Y POLITICA PUBLICA, V17, P333; BETA B., 2009, NOVA ECONOMIA, V17, P364; TETA B., 2010, PUBLIUS: THE JOURNAL OF FEDERALISM, V15, P278; KAPA F., 1996, NOVA ECONOMIA, V33, P302; KAPA A., 2020, PUBLIUS: THE JOURNAL OF FEDERALISM, V44, P38; TETA B., 2020, REVISTA DE ADMINISTRACAO PUBLICA, V36, P260; BETA F., 2023, NOVA ECONOMIA, V33, P53; TETA F., 2005, REVISTA DE ADMINISTRACAO PUBLICA, V11, P99; KAPA D., 2017, NATIONAL TAX JOURNAL, V9, P192; KAPA A., 2005, INTERNATIONAL TAX AND PUBLIC FINANCE, V4, P191; ALFA A., 2015, REVISTA DE ADMINISTRACAO PUBLICA, V14, P236; EPSILON A., 2015, INTERNATIONAL TAX AND PUBLIC FINANCE, V28, P45; KAPA B., 2011, NATIONAL TAX JOURNAL, V59, P373; ZETA B., 2004, NOVA ECONOMIA, V54, P175; ALFA C., 1996, INTERNATIONAL TAX AND PUBLIC FINANCE, V24, P263; IOTA C., 2016, PUBLIUS: THE JOURNAL OF FEDERALISM, V3, P310; ZETA A., 2004, REVISTA DE ADMINISTRACAO PUBLICA, V21, P309; BETA A., 2022, NOVA ECONOMIA, V16, P131; ZETA B., 2015, PUBLIUS: THE JOURNAL OF FEDERALISM, V2, P298; TETA A., 2018, NATIONAL TAX JOURNAL, V32, P57; BETA C., 1998, INTERNATIONAL TAX AND PUBLIC FINANCE, V36, P149; ETA B., 2011, JOURNAL OF PUBLIC ECONOMICS, V35, P354; EPSILON D., 1993, NATIONAL TAX JOURNAL, V22, P78",Article,English,Editora Sintetica,09275940
Alfa A.; Beta B.; Kapa F.; Kapa D.,Measuring Argentina across municipalities: Tax competition and Fiscal equalization [registro sintetico 031],2016,International Tax and Public Finance,1,1,1,1,10.5555/exemplo.0031,"University of Toronto, Toronto, Canada","Resumo sintetico para teste do pipeline. Trata de intergovernmental transfers, soft budget constraint em entes subnacionais.",intergovernmental transfers; soft budget constraint; fiscal capacity; tax competition,"TETA C., 2004, PUBLIUS: THE JOURNAL OF FEDERALISM, V25, P182; ZETA A., 1996, REVISTA DE ADMINISTRACAO PUBLICA, V31, P171; DELTA A., 1993, PUBLIUS: THE JOURNAL OF FEDERALISM, V57, P312; ALFA F., 1990, NOVA ECONOMIA, V43, P74; EPSILON D., 1994, NATIONAL TAX JOURNAL, V33, P135; ZETA E., 2004, REVISTA DE ADMINISTRACAO PUBLICA, V38, P72; ALFA E., 2014, GESTION Y POLITICA PUBLICA, V7, P103; ETA F., 2004, NOVA ECONOMIA, V7, P186; EPSILON B., 2013, GESTION Y POLITICA PUBLICA, V10, P349; BETA C., 2016, GESTION Y POLITICA PUBLICA, V22, P379; ZETA E., 2013, NOVA ECONOMIA, V16, P180; IOTA F., 1998, JOURNAL OF PUBLIC ECONOMICS, V4, P361; ZETA F., 1996, GESTION Y POLITICA PUBLICA, V31, P258; ZETA B., 2011, INTERNATIONAL TAX AND PUBLIC FINANCE, V23, P78; GAMA B., 1986, GESTION Y POLITICA PUBLICA, V43, P233; ETA D., 1998, REVISTA DE ADMINISTRACAO PUBLICA, V50, P155; GAMA E., 1988, INTERNATIONAL TAX AND PUBLIC FINANCE, V20, P369; EPSILON C., 2009, REVISTA DE ADMINISTRACAO PUBLICA, V36, P338; ZETA A., 2015, INTERNATIONAL TAX AND PUBLIC FINANCE, V38, P41",Article,English,Editora Sintetica,09275940
Kapa C.; Teta C.; Eta F.,Subnational debt and Tax effort in subnational governments: evidence from Fiscal capacity [registro sintetico 032],2018,International Tax and Public Finance,1,1,1,17,10.5555/exemplo.0032,"University of Toronto, Toronto, Canada; Universidad de Buenos Aires, Buenos Aires, Argentina","Resumo sintetico para teste do pipeline. Trata de tax reform, fiscal capacity em entes subnacionais.",tax reform; fiscal capacity; subnational debt,"TETA B., 2016, REVISTA DE ADMINISTRACAO PUBLICA, V19, P257; BETA B., 1995, NOVA ECONOMIA, V4, P67; KAPA A., 1990, NATIONAL TAX JOURNAL, V52, P295; ZETA F., 1992, NATIONAL TAX JOURNAL, V13, P139; IOTA F., 2016, NATIONAL TAX JOURNAL, V41, P166; ALFA B., 1998, JOURNAL OF PUBLIC ECONOMICS, V56, P384; ALFA F., 2003, PUBLIUS: THE JOURNAL OF FEDERALISM, V40, P348; ZETA B., 1989, GESTION Y POLITICA PUBLICA, V27, P24; BETA F., 2007, JOURNAL OF PUBLIC ECONOMICS, V50, P254; KAPA D., 1996, PUBLIUS: THE JOURNAL OF FEDERALISM, V56, P7; ALFA C., 2006, NOVA ECONOMIA, V21, P29; ETA E., 2010, NOVA ECONOMIA, V54, P169; GAMA A., 1988, INTERNATIONAL TAX AND PUBLIC FINANCE, V14, P74; IOTA A., 1999, GESTION Y POLITICA PUBLICA, V24, P217; ZETA E., 2009, REVISTA DE ADMINISTRACAO PUBLICA, V56, P285; GAMA F., 2007, REVISTA DE ADMINISTRACAO PUBLICA, V22, P118; KAPA C., 2014, NOVA ECONOMIA, V31, P391; ALFA F., 1997, NOVA ECONOMIA, V50, P282; TETA E., 1996, JOURNAL OF PUBLIC ECONOMICS, V34, P272; EPSILON B., 1996, NATIONAL TAX JOURNAL, V36, P244",Article,English,Editora Sintetica,09275940
Gama F.; Delta D.; Beta A.,Measuring Local government across municipalities: Subnational debt and Argentina [registro sintetico 033],2003,International Tax and Public Finance,1,1,1,29,10.5555/exemplo.0033,"University of Toronto, Toronto, Canada","Resumo sintetico para teste do pipeline. Trata de intergovernmental transfers, fiscal decentralization em entes subnacionais.",intergovernmental transfers; fiscal decentralization; fiscal federalism; tax effort; soft budget constraint,"DELTA D., 2000, PUBLIUS: THE JOURNAL OF FEDERALISM, V14, P326; ZETA D., 1987, INTERNATIONAL TAX AND PUBLIC FINANCE, V21, P14; BETA F., 1996, NATIONAL TAX JOURNAL, V5, P331; ETA F., 2000, JOURNAL OF PUBLIC ECONOMICS, V4, P117; KAPA D., 1986, PUBLIUS: THE JOURNAL OF FEDERALISM, V43, P322; DELTA A., 1981, NATIONAL TAX JOURNAL, V17, P364; ETA B., 1980, JOURNAL OF PUBLIC ECONOMICS, V14, P167; ETA F., 1981, JOURNAL OF PUBLIC ECONOMICS, V57, P256; DELTA E., 1998, INTERNATIONAL TAX AND PUBLIC FINANCE, V31, P394; EPSILON B., 1999, JOURNAL OF PUBLIC ECONOMICS, V19, P46; ZETA A., 1988, GESTION Y POLITICA PUBLICA, V58, P128; GAMA C., 1994, REVISTA DE ADMINISTRACAO PUBLICA, V39, P232; DELTA E., 1974, GESTION Y POLITICA PUBLICA, V14, P377; ZETA A., 1997, GESTION Y POLITICA PUBLICA, V56, P225; GAMA D., 2000, INTERNATIONAL TAX AND PUBLIC FINANCE, V60, P153; ALFA A., 1977, NATIONAL TAX JOURNAL, V9, P155; GAMA E., 1996, JOURNAL OF PUBLIC ECONOMICS, V7, P385; GAMA D., 1994, PUBLIUS: THE JOURNAL OF FEDERALISM, V6, P213; ZETA F., 2002, NOVA ECONOMIA, V46, P204; ZETA A., 1991, INTERNATIONAL TAX AND PUBLIC FINANCE, V13, P322; ALFA A., 1977, REVISTA DE ADMINISTRACAO PUBLICA, V39, P119; KAPA D., 1995, NATIONAL TAX JOURNAL, V47, P11; ALFA C., 1975, NATIONAL TAX JOURNAL, V8, P250; GAMA E., 1986, NATIONAL TAX JOURNAL, V12, P115; IOTA B., 1993, NOVA ECONOMIA, V35, P257; BETA E., 1984, GESTION Y POLITICA PUBLICA, V32, P40; ZETA B., 2000, INTERNATIONAL TAX AND PUBLIC FINANCE, V47, P38; EPSILON F., 1978, NATIONAL TAX JOURNAL, V17, P138; BETA A., 1979, REVISTA DE ADMINISTRACAO PUBLICA, V4, P209; IOTA C., 1981, NATIONAL TAX JOURNAL, V21, P353",Article,English,Editora Sintetica,09275940
Iota C.; Iota C.; Eta F.; Epsilon D.,The political economy of Fiscal federalism: Fiscal capacity and the role of Tax effort [registro sintetico 034],1999,International Tax and Public Finance,1,1,1,56,10.5555/exemplo.0034,"Georgia State University, Atlanta, United States; Universidad Nacional Autonoma de Mexico, Mexico","Resumo sintetico para teste do pipeline. Trata de subnational debt, tax effort em entes subnacionais.",subnational debt; tax effort; tax competition; state capacity,"DELTA F., 1973, NATIONAL TAX JOURNAL, V54, P318; ALFA F., 1971, PUBLIUS: THE JOURNAL OF FEDERALISM, V45, P286; ZETA F., 1990, PUBLIUS: THE JOURNAL OF FEDERALISM, V36, P343; ZETA D., 1988, NATIONAL TAX JOURNAL, V31, P383; TETA E., 1980, REVISTA DE ADMINISTRACAO PUBLICA, V35, P195; DELTA F., 1995, NOVA ECONOMIA, V56, P194; ZETA F., 1972, PUBLIUS: THE JOURNAL OF FEDERALISM, V34, P137; KAPA F., 1991, GESTION Y POLITICA PUBLICA, V21, P37; IOTA F., 1977, REVISTA DE ADMINISTRACAO PUBLICA, V49, P136; EPSILON D., 1997, NOVA ECONOMIA, V23, P268; KAPA D., 1988, INTERNATIONAL TAX AND PUBLIC FINANCE, V10, P34; IOTA C., 1986, INTERNATIONAL TAX AND PUBLIC FINANCE, V34, P87; ZETA B., 1991, INTERNATIONAL TAX AND PUBLIC FINANCE, V10, P339; TETA B., 1990, GESTION Y POLITICA PUBLICA, V55, P334; ALFA C., 1982, JOURNAL OF PUBLIC ECONOMICS, V54, P220",Article,English,Editora Sintetica,09275940
Epsilon D.; Beta C.,Measuring State capacity across municipalities: Fiscal equalization and Regional inequality [registro sintetico 035],2005,Journal of Public Economics,1,1,1,43,10.5555/exemplo.0035,"Universidad Nacional Autonoma de Mexico, Mexico; Universidade Federal de Pernambuco, Recife, Brazil","Resumo sintetico para teste do pipeline. Trata de municipal finance, state capacity em entes subnacionais.",municipal finance; state capacity; tax effort; tax reform,"GAMA E., 1979, NATIONAL TAX JOURNAL, V44, P67; ZETA D., 1991, NOVA ECONOMIA, V16, P319; ZETA E., 1985, GESTION Y POLITICA PUBLICA, V25, P130; ALFA E., 1981, NATIONAL TAX JOURNAL, V37, P133; ALFA E., 1980, JOURNAL OF PUBLIC ECONOMICS, V46, P279; EPSILON C., 1983, INTERNATIONAL TAX AND PUBLIC FINANCE, V17, P225; BETA E., 1995, PUBLIUS: THE JOURNAL OF FEDERALISM, V55, P46; DELTA B., 1988, GESTION Y POLITICA PUBLICA, V19, P317; ZETA A., 1997, PUBLIUS: THE JOURNAL OF FEDERALISM, V25, P188; ALFA F., 1999, JOURNAL OF PUBLIC ECONOMICS, V27, P221; KAPA C., 1986, INTERNATIONAL TAX AND PUBLIC FINANCE, V25, P297; GAMA E., 1981, GESTION Y POLITICA PUBLICA, V46, P298; ZETA A., 1996, INTERNATIONAL TAX AND PUBLIC FINANCE, V22, P37; BETA D., 1987, PUBLIUS: THE JOURNAL OF FEDERALISM, V34, P213; TETA F., 1999, GESTION Y POLITICA PUBLICA, V2, P56; KAPA E., 1989, PUBLIUS: THE JOURNAL OF FEDERALISM, V45, P224; ETA D., 1980, NATIONAL TAX JOURNAL, V29, P204; TETA B., 1991, GESTION Y POLITICA PUBLICA, V53, P5; DELTA F., 1981, PUBLIUS: THE JOURNAL OF FEDERALISM, V35, P21; EPSILON E., 1985, GESTION Y POLITICA PUBLICA, V25, P395; TETA A., 1977, INTERNATIONAL TAX AND PUBLIC FINANCE, V55, P40; KAPA A., 1978, PUBLIUS: THE JOURNAL OF FEDERALISM, V6, P386; DELTA E., 1989, NATIONAL TAX JOURNAL, V53, P349",Article,English,Editora Sintetica,00472727
Teta A.; Iota F.; Eta E.,Measuring Tax competition across municipalities: Argentina and Fiscal federalism [registro sintetico 036],2008,Gestion y Politica Publica,1,1,1,7,10.5555/exemplo.0036,"University of Toronto, Toronto, Canada","Resumo sintetico para teste do pipeline. Trata de tax competition, tax reform em entes subnacionais.",tax competition; tax reform; fiscal federalism,"EPSILON A., 1988, PUBLIUS: THE JOURNAL OF FEDERALISM, V17, P340; EPSILON E., 1990, REVISTA DE ADMINISTRACAO PUBLICA, V57, P216; ALFA C., 1987, INTERNATIONAL TAX AND PUBLIC FINANCE, V56, P195; ETA E., 1986, JOURNAL OF PUBLIC ECONOMICS, V13, P68; ALFA B., 1995, NOVA ECONOMIA, V24, P238; TETA F., 1996, INTERNATIONAL TAX AND PUBLIC FINANCE, V24, P175; DELTA D., 2007, NOVA ECONOMIA, V36, P340; ALFA F., 1988, NATIONAL TAX JOURNAL, V35, P35; ETA E., 2004, JOURNAL OF PUBLIC ECONOMICS, V3, P141; DELTA D., 1987, INTERNATIONAL TAX AND PUBLIC FINANCE, V46, P108; KAPA E., 1992, PUBLIUS: THE JOURNAL OF FEDERALISM, V60, P373; TETA B., 2006, INTERNATIONAL TAX AND PUBLIC FINANCE, V4, P93; ETA F., 1981, NATIONAL TAX JOURNAL, V9, P37; KAPA D., 1983, NATIONAL TAX JOURNAL, V60, P370; IOTA F., 2003, INTERNATIONAL TAX AND PUBLIC FINANCE, V32, P114; EPSILON B., 1995, GESTION Y POLITICA PUBLICA, V11, P75; DELTA E., 1981, PUBLIUS: THE JOURNAL OF FEDERALISM, V7, P104; BETA A., 1991, INTERNATIONAL TAX AND PUBLIC FINANCE, V43, P132; TETA F., 1991, INTERNATIONAL TAX AND PUBLIC FINANCE, V56, P30; GAMA A., 1983, GESTION Y POLITICA PUBLICA, V29, P151; DELTA E., 2003, JOURNAL OF PUBLIC ECONOMICS, V46, P288; GAMA C., 2007, JOURNAL OF PUBLIC ECONOMICS, V21, P281; DELTA B., 2008, GESTION Y POLITICA PUBLICA, V43, P119; ETA A., 1988, PUBLIUS: THE JOURNAL OF FEDERALISM, V10, P329",Article,English,Editora Sintetica,14054981
Delta D.,Measuring Revenue sharing across municipalities: Tax competition and Intergovernmental transfers [registro sintetico 037],2011,Journal of Public Economics,1,1,1,9,10.5555/exemplo.0037,"Universidade Federal de Pernambuco, Recife, Brazil; Universidad Nacional Autonoma de Mexico, Mexico","Resumo sintetico para teste do pipeline. Trata de soft budget constraint, intergovernmental transfers em entes subnacionais.",soft budget constraint; intergovernmental transfers; tax competition,"BETA B., 1996, JOURNAL OF PUBLIC ECONOMICS, V56, P156; KAPA E., 1998, GESTION Y POLITICA PUBLICA, V6, P104; GAMA D., 1989, GESTION Y POLITICA PUBLICA, V58, P392; DELTA E., 2010, JOURNAL OF PUBLIC ECONOMICS, V3, P298; KAPA A., 2011, NATIONAL TAX JOURNAL, V23, P100; GAMA F., 1990, NATIONAL TAX JOURNAL, V12, P171; ZETA D., 1996, INTERNATIONAL TAX AND PUBLIC FINANCE, V22, P381; ZETA B., 1984, GESTION Y POLITICA PUBLICA, V54, P153; BETA F., 1998, PUBLIUS: THE JOURNAL OF FEDERALISM, V7, P383; IOTA A., 2006, INTERNATIONAL TAX AND PUBLIC FINANCE, V39, P202; TETA A., 1982, NATIONAL TAX JOURNAL, V33, P297; BETA D., 2001, NOVA ECONOMIA, V9, P213; KAPA C., 1983, JOURNAL OF PUBLIC ECONOMICS, V47, P340; GAMA C., 1986, NOVA ECONOMIA, V6, P170; ALFA F., 2008, GESTION Y POLITICA PUBLICA, V31, P156; GAMA C., 1984, NATIONAL TAX JOURNAL, V57, P123; BETA B., 1996, JOURNAL OF PUBLIC ECONOMICS, V35, P278; BETA C., 1995, INTERNATIONAL TAX AND PUBLIC FINANCE, V11, P292; IOTA A., 1997, JOURNAL OF PUBLIC ECONOMICS, V24, P102; EPSILON D., 1998, INTERNATIONAL TAX AND PUBLIC FINANCE, V9, P123; IOTA E., 1988, NATIONAL TAX JOURNAL, V1, P55; ALFA D., 2006, GESTION Y POLITICA PUBLICA, V45, P293; DELTA F., 2004, INTERNATIONAL TAX AND PUBLIC FINANCE, V6, P385",Article,English,Editora Sintetica,00472727
Alfa D.; Eta E.; Iota A.,The political economy of Argentina: Fiscal decentralization and the role of Fiscal capacity [registro sintetico 038],2007,Revista de Administracao Publica,1,1,1,4,10.5555/exemplo.0038,"Universidade de Sao Paulo, Sao Paulo, Brazil","Resumo sintetico para teste do pipeline. Trata de fiscal equalization, fiscal decentralization em entes subnacionais.",fiscal equalization; fiscal decentralization; tax reform; municipal finance,"ALFA B., 1996, GESTION Y POLITICA PUBLICA, V45, P90; EPSILON C., 1979, GESTION Y POLITICA PUBLICA, V49, P237; KAPA B., 1977, JOURNAL OF PUBLIC ECONOMICS, V60, P211; ETA A., 1979, GESTION Y POLITICA PUBLICA, V16, P76; IOTA F., 1982, INTERNATIONAL TAX AND PUBLIC FINANCE, V52, P177; GAMA B., 1983, INTERNATIONAL TAX AND PUBLIC FINANCE, V44, P170; BETA A., 2002, PUBLIUS: THE JOURNAL OF FEDERALISM, V3, P255; IOTA C., 2006, NATIONAL TAX JOURNAL, V49, P309; BETA B., 2004, NOVA ECONOMIA, V4, P188; ETA A., 1997, NOVA ECONOMIA, V23, P299; GAMA D., 1998, GESTION Y POLITICA PUBLICA, V48, P255",Article,English,Editora Sintetica,00347612
Alfa F.; Teta F.; Kapa B.,Measuring Fiscal capacity across municipalities: Canada and Tax competition [registro sintetico 039],2005,Journal of Public Economics,1,1,1,31,10.5555/exemplo.0039,"Universidade Federal de Pernambuco, Recife, Brazil","Resumo sintetico para teste do pipeline. Trata de tax competition, tax reform em entes subnacionais.",tax competition; tax reform; municipal finance; tax effort,"KAPA F., 2003, NOVA ECONOMIA, V4, P201; ETA F., 1996, GESTION Y POLITICA PUBLICA, V22, P195; ETA A., 1982, NOVA ECONOMIA, V44, P174; KAPA D., 2000, JOURNAL OF PUBLIC ECONOMICS, V1, P154; TETA E., 1975, NATIONAL TAX JOURNAL, V57, P244; ETA D., 1994, JOURNAL OF PUBLIC ECONOMICS, V30, P75; ZETA E., 1981, NATIONAL TAX JOURNAL, V23, P202; TETA E., 1976, JOURNAL OF PUBLIC ECONOMICS, V22, P46; EPSILON B., 1997, PUBLIUS: THE JOURNAL OF FEDERALISM, V27, P339; IOTA B., 1978, INTERNATIONAL TAX AND PUBLIC FINANCE, V44, P322; ALFA D., 2001, INTERNATIONAL TAX AND PUBLIC FINANCE, V25, P139; ZETA B., 1986, INTERNATIONAL TAX AND PUBLIC FINANCE, V15, P180; KAPA D., 1984, PUBLIUS: THE JOURNAL OF FEDERALISM, V21, P260; KAPA B., 2002, GESTION Y POLITICA PUBLICA, V11, P201; IOTA A., 1975, GESTION Y POLITICA PUBLICA, V12, P54; DELTA D., 1993, GESTION Y POLITICA PUBLICA, V43, P129; ZETA F., 1978, REVISTA DE ADMINISTRACAO PUBLICA, V48, P386; IOTA F., 1987, INTERNATIONAL TAX AND PUBLIC FINANCE, V60, P386; EPSILON F., 1988, NATIONAL TAX JOURNAL, V33, P320; ZETA D., 1983, JOURNAL OF PUBLIC ECONOMICS, V24, P157; ETA E., 2000, NOVA ECONOMIA, V4, P336; TETA D., 1986, NOVA ECONOMIA, V2, P30; BETA E., 1987, PUBLIUS: THE JOURNAL OF FEDERALISM, V20, P385",Article,English,Editora Sintetica,00472727
Kapa F.; Teta A.,State capacity and Subnational debt in subnational governments: evidence from Tax effort [registro sintetico 040],2017,International Tax and Public Finance,1,1,1,15,10.5555/exemplo.0040,"Universidad de Buenos Aires, Buenos Aires, Argentina","Resumo sintetico para teste do pipeline. Trata de fiscal capacity, intergovernmental transfers em entes subnacionais.",fiscal capacity; intergovernmental transfers; fiscal federalism; local government,"ALFA D., 2004, PUBLIUS: THE JOURNAL OF FEDERALISM, V42, P44; ETA D., 2017, NOVA ECONOMIA, V24, P354; EPSILON C., 1992, GESTION Y POLITICA PUBLICA, V37, P254; ALFA E., 1998, INTERNATIONAL TAX AND PUBLIC FINANCE, V13, P265; ALFA B., 1996, NOVA ECONOMIA, V34, P88; EPSILON A., 2005, JOURNAL OF PUBLIC ECONOMICS, V25, P398; ZETA F., 1992, JOURNAL OF PUBLIC ECONOMICS, V20, P244; DELTA E., 1997, PUBLIUS: THE JOURNAL OF FEDERALISM, V26, P56; EPSILON C., 1999, JOURNAL OF PUBLIC ECONOMICS, V25, P242; EPSILON A., 1993, REVISTA DE ADMINISTRACAO PUBLICA, V29, P257; ETA F., 1992, GESTION Y POLITICA PUBLICA, V58, P162; ALFA B., 1995, GESTION Y POLITICA PUBLICA, V35, P241; IOTA F., 2000, GESTION Y POLITICA PUBLICA, V5, P141; ETA C., 2009, PUBLIUS: THE JOURNAL OF FEDERALISM, V34, P148; BETA C., 2001, GESTION Y POLITICA PUBLICA, V1, P22; IOTA F., 2005, JOURNAL OF PUBLIC ECONOMICS, V23, P309; ZETA C., 1994, NATIONAL TAX JOURNAL, V57, P281; BETA E., 2008, GESTION Y POLITICA PUBLICA, V27, P365; BETA C., 1992, NOVA ECONOMIA, V12, P371; BETA D., 1999, GESTION Y POLITICA PUBLICA, V51, P381; ZETA D., 1999, PUBLIUS: THE JOURNAL OF FEDERALISM, V52, P173; ZETA B., 2009, GESTION Y POLITICA PUBLICA, V10, P273; IOTA D., 2008, JOURNAL OF PUBLIC ECONOMICS, V9, P110; ZETA F., 1989, PUBLIUS: THE JOURNAL OF FEDERALISM, V5, P258; ALFA E., 2008, INTERNATIONAL TAX AND PUBLIC FINANCE, V37, P222",Article,English,Editora Sintetica,09275940
Gama B.; Delta F.; Delta E.,Tax effort revisited: Intergovernmental transfers under Canada [registro sintetico 041],2014,Nova Economia,1,1,1,19,10.5555/exemplo.0041,"University of Toronto, Toronto, Canada; Universidade de Sao Paulo, Sao Paulo, Brazil","Resumo sintetico para teste do pipeline. Trata de regional inequality, local government em entes subnacionais.",regional inequality; local government; fiscal federalism,"BETA C., 2005, REVISTA DE ADMINISTRACAO PUBLICA, V57, P41; ZETA A., 2006, REVISTA DE ADMINISTRACAO PUBLICA, V5, P63; ZETA B., 1984, PUBLIUS: THE JOURNAL OF FEDERALISM, V41, P392; GAMA D., 1992, REVISTA DE ADMINISTRACAO PUBLICA, V4, P229; KAPA E., 2003, GESTION Y POLITICA PUBLICA, V3, P21; IOTA D., 1987, PUBLIUS: THE JOURNAL OF FEDERALISM, V15, P151; ZETA C., 2000, REVISTA DE ADMINISTRACAO PUBLICA, V15, P112; IOTA B., 1993, GESTION Y POLITICA PUBLICA, V52, P296; IOTA F., 1984, INTERNATIONAL TAX AND PUBLIC FINANCE, V50, P89; ALFA E., 1992, PUBLIUS: THE JOURNAL OF FEDERALISM, V24, P33; EPSILON F., 1986, REVISTA DE ADMINISTRACAO PUBLICA, V8, P205; ETA E., 2014, REVISTA DE ADMINISTRACAO PUBLICA, V27, P116; ALFA C., 2014, REVISTA DE ADMINISTRACAO PUBLICA, V22, P337; EPSILON A., 2004, PUBLIUS: THE JOURNAL OF FEDERALISM, V37, P69; ETA D., 2005, NOVA ECONOMIA, V40, P233; DELTA C., 2003, INTERNATIONAL TAX AND PUBLIC FINANCE, V8, P207; GAMA C., 2008, INTERNATIONAL TAX AND PUBLIC FINANCE, V5, P377",Article,English,Editora Sintetica,01036351
Teta B.,Intergovernmental transfers and Soft budget constraint in subnational governments: evidence from Tax competition [registro sintetico 042],2024,Revista de Administracao Publica,1,1,1,1,10.5555/exemplo.0042,"Universidad Nacional Autonoma de Mexico, Mexico; Universidade Federal de Pernambuco, Recife, Brazil","Resumo sintetico para teste do pipeline. Trata de soft budget constraint, revenue sharing em entes subnacionais.",soft budget constraint; revenue sharing; state capacity; local government; tax reform,"IOTA C., 2011, JOURNAL OF PUBLIC ECONOMICS, V41, P84; KAPA F., 2004, JOURNAL OF PUBLIC ECONOMICS, V20, P54; ALFA F., 1999, NOVA ECONOMIA, V23, P216; ALFA F., 2008, GESTION Y POLITICA PUBLICA, V7, P176; BETA B., 2005, GESTION Y POLITICA PUBLICA, V57, P242; TETA A., 2023, JOURNAL OF PUBLIC ECONOMICS, V51, P164; TETA B., 2021, NATIONAL TAX JOURNAL, V34, P289; EPSILON E., 2006, INTERNATIONAL TAX AND PUBLIC FINANCE, V23, P129; ALFA B., 2016, JOURNAL OF PUBLIC ECONOMICS, V53, P266; ETA F., 2017, PUBLIUS: THE JOURNAL OF FEDERALISM, V11, P224; GAMA B., 1994, NATIONAL TAX JOURNAL, V14, P373; KAPA E., 2006, NATIONAL TAX JOURNAL, V1, P45; TETA A., 2000, REVISTA DE ADMINISTRACAO PUBLICA, V35, P37; ZETA C., 2013, REVISTA DE ADMINISTRACAO PUBLICA, V57, P237; TETA F., 2022, INTERNATIONAL TAX AND PUBLIC FINANCE, V1, P125; DELTA C., 2006, NATIONAL TAX JOURNAL, V7, P303; GAMA B., 2008, PUBLIUS: THE JOURNAL OF FEDERALISM, V37, P300; TETA A., 2012, NOVA ECONOMIA, V47, P28; TETA B., 2006, NOVA ECONOMIA, V44, P366; DELTA F., 2014, PUBLIUS: THE JOURNAL OF FEDERALISM, V45, P242; KAPA B., 1997, PUBLIUS: THE JOURNAL OF FEDERALISM, V39, P196; BETA F., 2001, GESTION Y POLITICA PUBLICA, V57, P118; ALFA D., 2012, GESTION Y POLITICA PUBLICA, V48, P115; ALFA B., 1997, INTERNATIONAL TAX AND PUBLIC FINANCE, V52, P1; ALFA D., 1995, PUBLIUS: THE JOURNAL OF FEDERALISM, V16, P113; ALFA E., 2014, REVISTA DE ADMINISTRACAO PUBLICA, V59, P212; EPSILON A., 1998, PUBLIUS: THE JOURNAL OF FEDERALISM, V2, P246; BETA F., 1997, INTERNATIONAL TAX AND PUBLIC FINANCE, V10, P271",Article,English,Editora Sintetica,00347612
Beta E.; Eta A.; Beta A.,Canada and Fiscal equalization in subnational governments: evidence from Regional inequality [registro sintetico 043],2006,Revista de Administracao Publica,1,1,1,69,10.5555/exemplo.0043,"Universidad Nacional Autonoma de Mexico, Mexico","Resumo sintetico para teste do pipeline. Trata de municipal finance, tax reform em entes subnacionais.",municipal finance; tax reform; fiscal decentralization; tax effort; soft budget constraint,"DELTA A., 1998, NOVA ECONOMIA, V48, P107; ETA A., 1995, NATIONAL TAX JOURNAL, V35, P267; ZETA F., 1979, NATIONAL TAX JOURNAL, V47, P123; BETA A., 1987, JOURNAL OF PUBLIC ECONOMICS, V20, P159; EPSILON B., 1991, REVISTA DE ADMINISTRACAO PUBLICA, V37, P172; DELTA A., 1978, NATIONAL TAX JOURNAL, V3, P59; KAPA B., 1992, PUBLIUS: THE JOURNAL OF FEDERALISM, V30, P209; KAPA E., 1996, INTERNATIONAL TAX AND PUBLIC FINANCE, V59, P389; BETA A., 2002, NATIONAL TAX JOURNAL, V46, P374; ALFA F., 1997, INTERNATIONAL TAX AND PUBLIC FINANCE, V55, P221; ALFA B., 1995, JOURNAL OF PUBLIC ECONOMICS, V29, P131; GAMA C., 2001, JOURNAL OF PUBLIC ECONOMICS, V55, P179; ALFA C., 1988, NATIONAL TAX JOURNAL, V11, P227; GAMA F., 1996, PUBLIUS: THE JOURNAL OF FEDERALISM, V49, P320; ZETA C., 2001, INTERNATIONAL TAX AND PUBLIC FINANCE, V1, P212; IOTA A., 1986, INTERNATIONAL TAX AND PUBLIC FINANCE, V35, P183; ZETA A., 2000, GESTION Y POLITICA PUBLICA, V50, P123; ZETA A., 1993, INTERNATIONAL TAX AND PUBLIC FINANCE, V7, P19; ZETA D., 1996, JOURNAL OF PUBLIC ECONOMICS, V24, P33; IOTA A., 2006, PUBLIUS: THE JOURNAL OF FEDERALISM, V11, P109; IOTA A., 1996, NOVA ECONOMIA, V35, P126; ETA E., 1998, GESTION Y POLITICA PUBLICA, V41, P46",Article,English,Editora Sintetica,00347612
Epsilon A.; Epsilon D.,Measuring State capacity across municipalities: Fiscal capacity and Municipal finance [registro sintetico 044],2020,Nova Economia,1,1,1,12,10.5555/exemplo.0044,"Universidad Nacional Autonoma de Mexico, Mexico","Resumo sintetico para teste do pipeline. Trata de fiscal decentralization, intergovernmental transfers em entes subnacionais.",fiscal decentralization; intergovernmental transfers; fiscal equalization; fiscal capacity; state capacity,"KAPA F., 2010, NOVA ECONOMIA, V38, P73; BETA E., 1992, NOVA ECONOMIA, V26, P156; BETA A., 2013, NATIONAL TAX JOURNAL, V35, P8; BETA C., 1992, INTERNATIONAL TAX AND PUBLIC FINANCE, V36, P58; TETA F., 2006, NOVA ECONOMIA, V57, P141; TETA B., 2018, NATIONAL TAX JOURNAL, V17, P156; ETA D., 2012, NOVA ECONOMIA, V12, P228; BETA D., 2000, JOURNAL OF PUBLIC ECONOMICS, V54, P106; ALFA D., 2016, GESTION Y POLITICA PUBLICA, V15, P55; DELTA C., 2011, JOURNAL OF PUBLIC ECONOMICS, V18, P320; ALFA B., 1992, NATIONAL TAX JOURNAL, V11, P338; KAPA C., 2011, JOURNAL OF PUBLIC ECONOMICS, V12, P24; GAMA D., 1993, GESTION Y POLITICA PUBLICA, V4, P197; EPSILON F., 1992, REVISTA DE ADMINISTRACAO PUBLICA, V38, P115; ALFA A., 1999, NATIONAL TAX JOURNAL, V18, P67; ZETA C., 2007, NOVA ECONOMIA, V12, P71",Article,English,Editora Sintetica,01036351
Zeta C.; Gama E.; Beta B.,The political economy of Fiscal capacity: State capacity and the role of Soft budget constraint [registro sintetico 045],2013,Gestion y Politica Publica,1,1,1,7,10.5555/exemplo.0045,"Universidade de Sao Paulo, Sao Paulo, Brazil","Resumo sintetico para teste do pipeline. Trata de local government, state capacity em entes subnacionais.",local government; state capacity; tax competition,"ALFA A., 1986, NOVA ECONOMIA, V25, P190; DELTA C., 1983, PUBLIUS: THE JOURNAL OF FEDERALISM, V29, P250; BETA A., 1997, REVISTA DE ADMINISTRACAO PUBLICA, V46, P252; BETA D., 1986, PUBLIUS: THE JOURNAL OF FEDERALISM, V31, P89; DELTA D., 1997, NATIONAL TAX JOURNAL, V8, P98; BETA C., 1994, PUBLIUS: THE JOURNAL OF FEDERALISM, V31, P123; ZETA E., 1984, NATIONAL TAX JOURNAL, V33, P114; TETA F., 1989, REVISTA DE ADMINISTRACAO PUBLICA, V40, P193; BETA A., 2013, PUBLIUS: THE JOURNAL OF FEDERALISM, V34, P29; DELTA E., 1988, REVISTA DE ADMINISTRACAO PUBLICA, V56, P162; DELTA A., 1985, PUBLIUS: THE JOURNAL OF FEDERALISM, V17, P240; TETA F., 1987, NATIONAL TAX JOURNAL, V52, P232; ZETA A., 1989, JOURNAL OF PUBLIC ECONOMICS, V43, P185; BETA A., 2005, PUBLIUS: THE JOURNAL OF FEDERALISM, V31, P132; GAMA E., 1983, NOVA ECONOMIA, V42, P264; ALFA F., 1998, NOVA ECONOMIA, V48, P17",Article,English,Editora Sintetica,14054981
Teta F.; Kapa B.,The political economy of Fiscal federalism: Regional inequality and the role of Intergovernmental transfers [registro sintetico 046],2017,Gestion y Politica Publica,1,1,1,9,10.5555/exemplo.0046,"Universidad Nacional Autonoma de Mexico, Mexico; Universidade de Sao Paulo, Sao Paulo, Brazil","Resumo sintetico para teste do pipeline. Trata de subnational debt, intergovernmental transfers em entes subnacionais.",subnational debt; intergovernmental transfers; tax competition; regional inequality; fiscal federalism,"TETA B., 2013, INTERNATIONAL TAX AND PUBLIC FINANCE, V20, P384; ZETA E., 1993, NATIONAL TAX JOURNAL, V26, P13; GAMA A., 1998, PUBLIUS: THE JOURNAL OF FEDERALISM, V15, P34; TETA C., 2003, GESTION Y POLITICA PUBLICA, V48, P252; DELTA E., 2015, INTERNATIONAL TAX AND PUBLIC FINANCE, V13, P241; DELTA C., 2012, PUBLIUS: THE JOURNAL OF FEDERALISM, V18, P116; ZETA A., 2000, INTERNATIONAL TAX AND PUBLIC FINANCE, V22, P212; ALFA E., 1998, GESTION Y POLITICA PUBLICA, V11, P123; ALFA B., 2006, GESTION Y POLITICA PUBLICA, V17, P311; TETA D., 2004, REVISTA DE ADMINISTRACAO PUBLICA, V46, P198; GAMA C., 1994, REVISTA DE ADMINISTRACAO PUBLICA, V8, P141; ETA B., 2016, INTERNATIONAL TAX AND PUBLIC FINANCE, V34, P70; KAPA C., 2015, GESTION Y POLITICA PUBLICA, V4, P86; DELTA D., 1992, NATIONAL TAX JOURNAL, V38, P232; ETA C., 2015, REVISTA DE ADMINISTRACAO PUBLICA, V43, P115; GAMA F., 1995, NOVA ECONOMIA, V27, P49; ALFA D., 2016, GESTION Y POLITICA PUBLICA, V7, P9",Article,English,Editora Sintetica,14054981
Epsilon B.,Regional inequality and Fiscal capacity in subnational governments: evidence from Brazil [registro sintetico 047],2024,Publius: The Journal of Federalism,1,1,1,3,10.5555/exemplo.0047,"Universidad Nacional Autonoma de Mexico, Mexico; Universidad de Buenos Aires, Buenos Aires, Argentina","Resumo sintetico para teste do pipeline. Trata de tax competition, fiscal decentralization em entes subnacionais.",tax competition; fiscal decentralization; tax effort,"IOTA E., 2000, PUBLIUS: THE JOURNAL OF FEDERALISM, V5, P304; EPSILON E., 2006, INTERNATIONAL TAX AND PUBLIC FINANCE, V56, P355; EPSILON F., 2001, PUBLIUS: THE JOURNAL OF FEDERALISM, V24, P269; EPSILON F., 2020, NATIONAL TAX JOURNAL, V45, P380; ALFA E., 2015, PUBLIUS: THE JOURNAL OF FEDERALISM, V14, P345; ZETA A., 2008, PUBLIUS: THE JOURNAL OF FEDERALISM, V22, P348; GAMA D., 2024, JOURNAL OF PUBLIC ECONOMICS, V51, P120; ETA A., 2024, INTERNATIONAL TAX AND PUBLIC FINANCE, V35, P210; ETA B., 2022, NOVA ECONOMIA, V15, P190; ZETA D., 2015, PUBLIUS: THE JOURNAL OF FEDERALISM, V50, P187; GAMA B., 2014, INTERNATIONAL TAX AND PUBLIC FINANCE, V57, P137; BETA A., 2010, INTERNATIONAL TAX AND PUBLIC FINANCE, V57, P208; KAPA D., 2014, NATIONAL TAX JOURNAL, V31, P299; TETA C., 2012, REVISTA DE ADMINISTRACAO PUBLICA, V23, P177; ETA C., 1999, GESTION Y POLITICA PUBLICA, V31, P355; ALFA F., 2015, GESTION Y POLITICA PUBLICA, V11, P202; ZETA A., 2024, NOVA ECONOMIA, V50, P150; IOTA F., 2000, NOVA ECONOMIA, V16, P361; KAPA B., 2005, GESTION Y POLITICA PUBLICA, V55, P155",Article,English,Editora Sintetica,00485950
Beta E.; Teta F.,Subnational debt and Intergovernmental transfers in subnational governments: evidence from Fiscal capacity [registro sintetico 048],2020,Publius: The Journal of Federalism,1,1,1,0,10.5555/exemplo.0048,"Universidade Federal de Pernambuco, Recife, Brazil; Universidad Nacional Autonoma de Mexico, Mexico","Resumo sintetico para teste do pipeline. Trata de fiscal federalism, revenue sharing em entes subnacionais.",fiscal federalism; revenue sharing; regional inequality; fiscal equalization; tax effort,"DELTA A., 1990, NATIONAL TAX JOURNAL, V6, P46; DELTA B., 2005, JOURNAL OF PUBLIC ECONOMICS, V5, P268; ZETA C., 1999, PUBLIUS: THE JOURNAL OF FEDERALISM, V48, P246; EPSILON C., 1991, NATIONAL TAX JOURNAL, V17, P84; EPSILON A., 1992, REVISTA DE ADMINISTRACAO PUBLICA, V4, P357; EPSILON B., 2015, GESTION Y POLITICA PUBLICA, V47, P169; ZETA E., 2005, INTERNATIONAL TAX AND PUBLIC FINANCE, V13, P310; IOTA A., 2014, INTERNATIONAL TAX AND PUBLIC FINANCE, V54, P355; ETA D., 1999, NOVA ECONOMIA, V2, P118; EPSILON A., 2015, PUBLIUS: THE JOURNAL OF FEDERALISM, V7, P34; KAPA B., 1996, GESTION Y POLITICA PUBLICA, V46, P232; TETA B., 2009, NATIONAL TAX JOURNAL, V53, P340; TETA E., 2003, INTERNATIONAL TAX AND PUBLIC FINANCE, V1, P99; KAPA B., 1993, GESTION Y POLITICA PUBLICA, V41, P235; DELTA C., 2006, PUBLIUS: THE JOURNAL OF FEDERALISM, V34, P273; ZETA F., 1991, NATIONAL TAX JOURNAL, V15, P371",Article,English,Editora Sintetica,00485950
Delta F.; Teta E.; Delta B.,The political economy of Regional inequality: Municipal finance and the role of Fiscal equalization [registro sintetico 049],1997,International Tax and Public Finance,1,1,1,26,10.5555/exemplo.0049,"Universidade Federal de Pernambuco, Recife, Brazil","Resumo sintetico para teste do pipeline. Trata de local government, municipal finance em entes subnacionais.",local government; municipal finance; regional inequality,"ALFA E., 1980, NATIONAL TAX JOURNAL, V19, P26; ZETA E., 1977, INTERNATIONAL TAX AND PUBLIC FINANCE, V12, P323; DELTA D., 1970, INTERNATIONAL TAX AND PUBLIC FINANCE, V21, P62; IOTA F., 1986, GESTION Y POLITICA PUBLICA, V24, P352; TETA E., 1979, GESTION Y POLITICA PUBLICA, V5, P55; BETA E., 1982, PUBLIUS: THE JOURNAL OF FEDERALISM, V31, P35; EPSILON F., 1986, INTERNATIONAL TAX AND PUBLIC FINANCE, V29, P163; TETA F., 1983, GESTION Y POLITICA PUBLICA, V46, P191; IOTA D., 1994, NOVA ECONOMIA, V60, P162; KAPA A., 1973, GESTION Y POLITICA PUBLICA, V30, P45; EPSILON B., 1971, GESTION Y POLITICA PUBLICA, V59, P286; GAMA A., 1984, NOVA ECONOMIA, V40, P18; EPSILON F., 1972, GESTION Y POLITICA PUBLICA, V49, P339; ZETA D., 1986, NATIONAL TAX JOURNAL, V10, P202; BETA F., 1993, NATIONAL TAX JOURNAL, V3, P148; GAMA E., 1973, NOVA ECONOMIA, V5, P162; GAMA E., 1989, GESTION Y POLITICA PUBLICA, V27, P87",Article,English,Editora Sintetica,09275940
Eta F.; Zeta C.; Beta B.; Teta E.,The political economy of Fiscal equalization: Regional inequality and the role of State capacity [registro sintetico 050],2009,Nova Economia,1,1,1,38,10.5555/exemplo.0050,"Georgia State University, Atlanta, United States; Universidade de Sao Paulo, Sao Paulo, Brazil","Resumo sintetico para teste do pipeline. Trata de fiscal decentralization, local government em entes subnacionais.",fiscal decentralization; local government; soft budget constraint,"DELTA D., 1982, GESTION Y POLITICA PUBLICA, V53, P263; ZETA B., 1979, JOURNAL OF PUBLIC ECONOMICS, V33, P241; GAMA E., 1989, JOURNAL OF PUBLIC ECONOMICS, V12, P374; ZETA F., 1985, NOVA ECONOMIA, V27, P29; ALFA B., 1997, JOURNAL OF PUBLIC ECONOMICS, V1, P391; EPSILON E., 1980, NATIONAL TAX JOURNAL, V21, P117; ZETA C., 2009, JOURNAL OF PUBLIC ECONOMICS, V20, P192; KAPA C., 1991, PUBLIUS: THE JOURNAL OF FEDERALISM, V19, P57; DELTA A., 2008, NOVA ECONOMIA, V27, P388; KAPA B., 2005, NOVA ECONOMIA, V52, P27; GAMA B., 2005, JOURNAL OF PUBLIC ECONOMICS, V17, P259; ZETA D., 1992, GESTION Y POLITICA PUBLICA, V20, P69",Article,English,Editora Sintetica,01036351
Alfa C.; Gama C.; Gama F.,Measuring Soft budget constraint across municipalities: Fiscal capacity and Intergovernmental transfers [registro sintetico 051],2009,Journal of Public Economics,1,1,1,4,10.5555/exemplo.0051,"Georgia State University, Atlanta, United States; Universidade de Sao Paulo, Sao Paulo, Brazil","Resumo sintetico para teste do pipeline. Trata de tax effort, municipal finance em entes subnacionais.",tax effort; municipal finance; fiscal federalism; regional inequality; fiscal capacity,"ALFA B., 1990, NATIONAL TAX JOURNAL, V40, P35; TETA F., 1980, INTERNATIONAL TAX AND PUBLIC FINANCE, V56, P237; ETA C., 2004, PUBLIUS: THE JOURNAL OF FEDERALISM, V25, P159; KAPA D., 1989, JOURNAL OF PUBLIC ECONOMICS, V47, P160; ZETA E., 2008, NATIONAL TAX JOURNAL, V39, P301; IOTA A., 1994, PUBLIUS: THE JOURNAL OF FEDERALISM, V27, P7; DELTA B., 1985, JOURNAL OF PUBLIC ECONOMICS, V35, P186; BETA F., 2008, REVISTA DE ADMINISTRACAO PUBLICA, V3, P237",Article,English,Editora Sintetica,00472727
Alfa F.; Gama D.; Beta B.; Iota C.,Measuring Tax reform across municipalities: Subnational debt and State capacity [registro sintetico 052],2018,Gestion y Politica Publica,1,1,1,14,10.5555/exemplo.0052,"Universidade de Sao Paulo, Sao Paulo, Brazil","Resumo sintetico para teste do pipeline. Trata de state capacity, soft budget constraint em entes subnacionais.",state capacity; soft budget constraint; subnational debt; fiscal decentralization; revenue sharing,"DELTA C., 1997, JOURNAL OF PUBLIC ECONOMICS, V33, P375; GAMA D., 2005, GESTION Y POLITICA PUBLICA, V33, P6; GAMA E., 2018, PUBLIUS: THE JOURNAL OF FEDERALISM, V54, P288; GAMA B., 1988, NOVA ECONOMIA, V36, P389; BETA E., 1999, NATIONAL TAX JOURNAL, V60, P29; DELTA E., 1988, REVISTA DE ADMINISTRACAO PUBLICA, V55, P366; DELTA E., 2002, INTERNATIONAL TAX AND PUBLIC FINANCE, V36, P110; GAMA B., 2008, PUBLIUS: THE JOURNAL OF FEDERALISM, V52, P16; ETA B., 2007, NOVA ECONOMIA, V17, P310; EPSILON B., 2001, INTERNATIONAL TAX AND PUBLIC FINANCE, V33, P322; TETA A., 1990, GESTION Y POLITICA PUBLICA, V1, P175; GAMA F., 2013, INTERNATIONAL TAX AND PUBLIC FINANCE, V35, P131; DELTA E., 2014, INTERNATIONAL TAX AND PUBLIC FINANCE, V15, P309; GAMA B., 2006, NOVA ECONOMIA, V47, P57; TETA F., 2007, NOVA ECONOMIA, V14, P140; ETA E., 1989, PUBLIUS: THE JOURNAL OF FEDERALISM, V1, P227; BETA A., 2016, GESTION Y POLITICA PUBLICA, V36, P347; ETA B., 1998, PUBLIUS: THE JOURNAL OF FEDERALISM, V11, P328; DELTA E., 1998, PUBLIUS: THE JOURNAL OF FEDERALISM, V50, P370; DELTA B., 1995, INTERNATIONAL TAX AND PUBLIC FINANCE, V56, P210; ZETA E., 2001, JOURNAL OF PUBLIC ECONOMICS, V20, P83",Article,English,Editora Sintetica,14054981
Beta B.; Delta E.; Zeta A.; Iota C.,Argentina revisited: Tax competition under Brazil [registro sintetico 053],2019,Gestion y Politica Publica,1,1,1,10,10.5555/exemplo.0053,"Georgia State University, Atlanta, United States; University of Toronto, Toronto, Canada","Resumo sintetico para teste do pipeline. Trata de tax competition, fiscal capacity em entes subnacionais.",tax competition; fiscal capacity; tax reform,"DELTA A., 2000, NOVA ECONOMIA, V25, P36; ETA A., 2000, NOVA ECONOMIA, V28, P172; ZETA F., 2011, GESTION Y POLITICA PUBLICA, V26, P331; GAMA D., 2016, GESTION Y POLITICA PUBLICA, V37, P281; ALFA A., 2016, GESTION Y POLITICA PUBLICA, V47, P245; ZETA E., 2009, NOVA ECONOMIA, V59, P348; ETA D., 2008, JOURNAL OF PUBLIC ECONOMICS, V11, P284; ALFA F., 1993, NOVA ECONOMIA, V24, P348; ETA C., 2007, REVISTA DE ADMINISTRACAO PUBLICA, V44, P113; ZETA B., 2006, REVISTA DE ADMINISTRACAO PUBLICA, V26, P334; GAMA C., 1992, INTERNATIONAL TAX AND PUBLIC FINANCE, V58, P14; KAPA C., 2014, PUBLIUS: THE JOURNAL OF FEDERALISM, V29, P254; EPSILON C., 2005, NATIONAL TAX JOURNAL, V23, P282",Article,English,Editora Sintetica,14054981
Teta A.; Zeta C.; Eta E.,Tax effort and Municipal finance in subnational governments: evidence from Fiscal equalization [registro sintetico 054],2017,Gestion y Politica Publica,1,1,1,5,10.5555/exemplo.0054,"Universidade Federal de Pernambuco, Recife, Brazil; University of Toronto, Toronto, Canada","Resumo sintetico para teste do pipeline. Trata de fiscal equalization, state capacity em entes subnacionais.",fiscal equalization; state capacity; local government; fiscal federalism; subnational debt,"GAMA E., 2004, NATIONAL TAX JOURNAL, V50, P77; ETA B., 1988, NOVA ECONOMIA, V32, P374; ETA D., 1989, NOVA ECONOMIA, V56, P363; GAMA E., 1991, JOURNAL OF PUBLIC ECONOMICS, V3, P44; ALFA B., 1990, NATIONAL TAX JOURNAL, V2, P168; GAMA A., 2001, INTERNATIONAL TAX AND PUBLIC FINANCE, V7, P93; DELTA E., 1998, NOVA ECONOMIA, V13, P185; BETA D., 1997, PUBLIUS: THE JOURNAL OF FEDERALISM, V27, P130; TETA B., 2002, NATIONAL TAX JOURNAL, V44, P362; GAMA B., 1992, INTERNATIONAL TAX AND PUBLIC FINANCE, V51, P180; ALFA D., 2003, REVISTA DE ADMINISTRACAO PUBLICA, V44, P18",Article,English,Editora Sintetica,14054981
Teta D.,Canada and Argentina in subnational governments: evidence from Local government [registro sintetico 055],2022,Nova Economia,1,1,1,4,10.5555/exemplo.0055,"Universidad de Buenos Aires, Buenos Aires, Argentina; Universidade de Sao Paulo, Sao Paulo, Brazil","Resumo sintetico para teste do pipeline. Trata de fiscal equalization, municipal finance em entes subnacionais.",fiscal equalization; municipal finance; subnational debt,"ALFA E., 2017, GESTION Y POLITICA PUBLICA, V45, P264; ALFA C., 2005, NOVA ECONOMIA, V43, P97; KAPA D., 2015, NOVA ECONOMIA, V27, P171; TETA E., 2021, REVISTA DE ADMINISTRACAO PUBLICA, V11, P162; ETA B., 2000, INTERNATIONAL TAX AND PUBLIC FINANCE, V51, P341; KAPA A., 2010, NOVA ECONOMIA, V21, P163; IOTA C., 2017, REVISTA DE ADMINISTRACAO PUBLICA, V22, P82; KAPA E., 2007, JOURNAL OF PUBLIC ECONOMICS, V55, P43; TETA A., 1996, PUBLIUS: THE JOURNAL OF FEDERALISM, V49, P43; KAPA D., 2021, JOURNAL OF PUBLIC ECONOMICS, V38, P260; ETA F., 2021, NATIONAL TAX JOURNAL, V6, P302; GAMA A., 2004, JOURNAL OF PUBLIC ECONOMICS, V57, P59; KAPA D., 2006, NOVA ECONOMIA, V52, P132",Article,English,Editora Sintetica,01036351
Zeta A.; Alfa D.; Epsilon B.; Beta F.,Municipal finance revisited: State capacity under Brazil [registro sintetico 056],2002,Revista de Administracao Publica,1,1,1,86,10.5555/exemplo.0056,"Universidad de Buenos Aires, Buenos Aires, Argentina; University of Toronto, Toronto, Canada","Resumo sintetico para teste do pipeline. Trata de local government, state capacity em entes subnacionais.",local government; state capacity; subnational debt; revenue sharing,"ALFA E., 1999, REVISTA DE ADMINISTRACAO PUBLICA, V48, P380; GAMA C., 1992, GESTION Y POLITICA PUBLICA, V25, P128; EPSILON E., 1973, PUBLIUS: THE JOURNAL OF FEDERALISM, V31, P14; BETA A., 1999, GESTION Y POLITICA PUBLICA, V58, P18; DELTA D., 1991, PUBLIUS: THE JOURNAL OF FEDERALISM, V57, P368; BETA F., 1981, JOURNAL OF PUBLIC ECONOMICS, V54, P312; GAMA B., 1992, GESTION Y POLITICA PUBLICA, V49, P62; GAMA E., 1980, JOURNAL OF PUBLIC ECONOMICS, V11, P84; DELTA D., 1999, GESTION Y POLITICA PUBLICA, V15, P129; EPSILON A., 1979, INTERNATIONAL TAX AND PUBLIC FINANCE, V59, P314; EPSILON A., 1992, PUBLIUS: THE JOURNAL OF FEDERALISM, V35, P320; TETA B., 1975, PUBLIUS: THE JOURNAL OF FEDERALISM, V59, P241; ZETA F., 1973, NOVA ECONOMIA, V25, P119; TETA D., 1998, REVISTA DE ADMINISTRACAO PUBLICA, V13, P133; GAMA E., 1993, NATIONAL TAX JOURNAL, V36, P163; ETA B., 2001, INTERNATIONAL TAX AND PUBLIC FINANCE, V58, P241; TETA D., 2001, JOURNAL OF PUBLIC ECONOMICS, V37, P189",Article,English,Editora Sintetica,00347612
Kapa C.; Gama C.; Beta C.; Eta A.,The political economy of Municipal finance: Fiscal federalism and the role of Canada [registro sintetico 057],2003,Journal of Public Economics,1,1,1,11,10.5555/exemplo.0057,"Universidad de Buenos Aires, Buenos Aires, Argentina; Universidad Nacional Autonoma de Mexico, Mexico","Resumo sintetico para teste do pipeline. Trata de fiscal capacity, fiscal equalization em entes subnacionais.",fiscal capacity; fiscal equalization; local government,"TETA F., 1984, REVISTA DE ADMINISTRACAO PUBLICA, V50, P351; ZETA D., 2003, NOVA ECONOMIA, V13, P279; GAMA C., 1979, REVISTA DE ADMINISTRACAO PUBLICA, V13, P154; EPSILON F., 1980, NOVA ECONOMIA, V38, P33; ETA A., 1979, REVISTA DE ADMINISTRACAO PUBLICA, V5, P106; IOTA E., 1994, NATIONAL TAX JOURNAL, V49, P122; BETA F., 1982, NATIONAL TAX JOURNAL, V13, P348; KAPA F., 1994, NATIONAL TAX JOURNAL, V18, P26; ETA A., 1981, JOURNAL OF PUBLIC ECONOMICS, V58, P292; ALFA E., 1986, JOURNAL OF PUBLIC ECONOMICS, V58, P364; KAPA E., 1999, INTERNATIONAL TAX AND PUBLIC FINANCE, V1, P294; DELTA B., 2001, GESTION Y POLITICA PUBLICA, V15, P53; DELTA A., 1981, REVISTA DE ADMINISTRACAO PUBLICA, V57, P379; IOTA C., 1994, PUBLIUS: THE JOURNAL OF FEDERALISM, V26, P358; ALFA A., 1992, GESTION Y POLITICA PUBLICA, V45, P218; BETA F., 2001, JOURNAL OF PUBLIC ECONOMICS, V33, P76; ETA C., 2000, NOVA ECONOMIA, V2, P14",Article,English,Editora Sintetica,00472727
Kapa E.; Eta B.; Zeta F.; Zeta E.,The political economy of Local government: Canada and the role of Revenue sharing [registro sintetico 058],2025,Revista de Administracao Publica,1,1,1,1,10.5555/exemplo.0058,"Universidade de Sao Paulo, Sao Paulo, Brazil","Resumo sintetico para teste do pipeline. Trata de subnational debt, regional inequality em entes subnacionais.",subnational debt; regional inequality; local government,"EPSILON E., 2013, REVISTA DE ADMINISTRACAO PUBLICA, V7, P287; TETA D., 2009, REVISTA DE ADMINISTRACAO PUBLICA, V49, P8; ALFA B., 2008, INTERNATIONAL TAX AND PUBLIC FINANCE, V16, P388; ALFA B., 2023, GESTION Y POLITICA PUBLICA, V23, P124; BETA D., 2013, PUBLIUS: THE JOURNAL OF FEDERALISM, V28, P172; TETA A., 2002, NOVA ECONOMIA, V54, P26; TETA E., 2002, NATIONAL TAX JOURNAL, V39, P93; DELTA A., 2003, NATIONAL TAX JOURNAL, V50, P170; BETA C., 2015, NATIONAL TAX JOURNAL, V28, P387; EPSILON A., 2011, GESTION Y POLITICA PUBLICA, V60, P229; DELTA F., 1999, INTERNATIONAL TAX AND PUBLIC FINANCE, V20, P222; ZETA A., 2017, REVISTA DE ADMINISTRACAO PUBLICA, V28, P85; KAPA A., 2010, NATIONAL TAX JOURNAL, V55, P377",Article,English,Editora Sintetica,00347612
Alfa C.; Iota A.,Subnational debt revisited: Fiscal capacity under Tax competition [registro sintetico 059],2020,Nova Economia,1,1,1,6,10.5555/exemplo.0059,"Universidad de Buenos Aires, Buenos Aires, Argentina","Resumo sintetico para teste do pipeline. Trata de fiscal federalism, fiscal decentralization em entes subnacionais.",fiscal federalism; fiscal decentralization; tax effort; soft budget constraint,"DELTA D., 1990, NOVA ECONOMIA, V15, P339; ETA A., 1996, PUBLIUS: THE JOURNAL OF FEDERALISM, V6, P275; EPSILON C., 2000, INTERNATIONAL TAX AND PUBLIC FINANCE, V18, P339; ZETA B., 1991, PUBLIUS: THE JOURNAL OF FEDERALISM, V27, P353; ETA A., 1994, NATIONAL TAX JOURNAL, V5, P30; IOTA B., 1998, NOVA ECONOMIA, V7, P196; IOTA F., 2005, JOURNAL OF PUBLIC ECONOMICS, V13, P51; TETA E., 2015, PUBLIUS: THE JOURNAL OF FEDERALISM, V19, P33; KAPA D., 1994, INTERNATIONAL TAX AND PUBLIC FINANCE, V5, P248; ETA B., 2011, NOVA ECONOMIA, V2, P358",Article,English,Editora Sintetica,01036351
Beta A.,Measuring Tax reform across municipalities: Tax effort and Subnational debt [registro sintetico 060],2007,Nova Economia,1,1,1,43,10.5555/exemplo.0060,"University of Toronto, Toronto, Canada; Universidade de Sao Paulo, Sao Paulo, Brazil","Resumo sintetico para teste do pipeline. Trata de revenue sharing, fiscal federalism em entes subnacionais.",revenue sharing; fiscal federalism; regional inequality; fiscal equalization,"GAMA F., 2004, JOURNAL OF PUBLIC ECONOMICS, V46, P60; BETA D., 1979, NOVA ECONOMIA, V15, P2; GAMA A., 2004, JOURNAL OF PUBLIC ECONOMICS, V6, P157; KAPA C., 2004, NOVA ECONOMIA, V51, P287; KAPA D., 2007, NOVA ECONOMIA, V51, P290; IOTA B., 1986, REVISTA DE ADMINISTRACAO PUBLICA, V14, P248; ZETA B., 1988, JOURNAL OF PUBLIC ECONOMICS, V33, P287; KAPA B., 1996, JOURNAL OF PUBLIC ECONOMICS, V43, P258; GAMA E., 1977, PUBLIUS: THE JOURNAL OF FEDERALISM, V28, P341; KAPA B., 1978, REVISTA DE ADMINISTRACAO PUBLICA, V19, P142; BETA F., 1999, PUBLIUS: THE JOURNAL OF FEDERALISM, V50, P192; IOTA D., 1984, NOVA ECONOMIA, V60, P262; IOTA D., 1994, JOURNAL OF PUBLIC ECONOMICS, V19, P206; ALFA C., 1992, JOURNAL OF PUBLIC ECONOMICS, V47, P350; DELTA F., 1991, GESTION Y POLITICA PUBLICA, V23, P364; EPSILON D., 1988, NATIONAL TAX JOURNAL, V49, P185; DELTA B., 2002, PUBLIUS: THE JOURNAL OF FEDERALISM, V42, P377; EPSILON F., 1988, NOVA ECONOMIA, V2, P140; IOTA A., 1987, JOURNAL OF PUBLIC ECONOMICS, V27, P17; ETA E., 1993, NOVA ECONOMIA, V56, P157; DELTA C., 1987, PUBLIUS: THE JOURNAL OF FEDERALISM, V7, P369; GAMA D., 1980, JOURNAL OF PUBLIC ECONOMICS, V13, P139; TETA A., 1999, INTERNATIONAL TAX AND PUBLIC FINANCE, V58, P174; ETA D., 1986, PUBLIUS: THE JOURNAL OF FEDERALISM, V10, P161; GAMA F., 1982, NOVA ECONOMIA, V11, P181; EPSILON A., 2006, NOVA ECONOMIA, V55, P126; ZETA A., 2004, INTERNATIONAL TAX AND PUBLIC FINANCE, V58, P28; ETA D., 1983, INTERNATIONAL TAX AND PUBLIC FINANCE, V50, P192",Article,English,Editora Sintetica,01036351
Epsilon D.,Soft budget constraint and Revenue sharing in subnational governments: evidence from Municipal finance [registro sintetico 061],2017,Publius: The Journal of Federalism,1,1,1,6,10.5555/exemplo.0061,"Georgia State University, Atlanta, United States","Resumo sintetico para teste do pipeline. Trata de tax competition, fiscal equalization em entes subnacionais.",tax competition; fiscal equalization; local government; fiscal federalism; regional inequality,"DELTA B., 1987, REVISTA DE ADMINISTRACAO PUBLICA, V44, P294; KAPA B., 1996, NATIONAL TAX JOURNAL, V13, P363; DELTA B., 2002, REVISTA DE ADMINISTRACAO PUBLICA, V50, P295; ZETA A., 1988, REVISTA DE ADMINISTRACAO PUBLICA, V21, P265; KAPA A., 2003, PUBLIUS: THE JOURNAL OF FEDERALISM, V8, P122; DELTA D., 1996, PUBLIUS: THE JOURNAL OF FEDERALISM, V59, P186; ALFA B., 1990, JOURNAL OF PUBLIC ECONOMICS, V26, P124; ETA B., 1997, REVISTA DE ADMINISTRACAO PUBLICA, V16, P194; ALFA E., 2012, REVISTA DE ADMINISTRACAO PUBLICA, V52, P156; EPSILON D., 2011, NOVA ECONOMIA, V31, P240; ALFA A., 2008, PUBLIUS: THE JOURNAL OF FEDERALISM, V30, P117; KAPA E., 1992, GESTION Y POLITICA PUBLICA, V39, P241; IOTA D., 1992, GESTION Y POLITICA PUBLICA, V7, P134; TETA A., 1996, PUBLIUS: THE JOURNAL OF FEDERALISM, V56, P109; ALFA A., 1989, NATIONAL TAX JOURNAL, V12, P189; ALFA D., 2000, REVISTA DE ADMINISTRACAO PUBLICA, V30, P149; ZETA E., 1998, NOVA ECONOMIA, V11, P52; IOTA E., 2002, NATIONAL TAX JOURNAL, V24, P149; IOTA B., 1994, PUBLIUS: THE JOURNAL OF FEDERALISM, V23, P172; KAPA E., 2004, REVISTA DE ADMINISTRACAO PUBLICA, V18, P146; BETA E., 2017, NOVA ECONOMIA, V24, P59; ZETA F., 2004, NOVA ECONOMIA, V21, P71; ZETA F., 2014, NATIONAL TAX JOURNAL, V22, P83; ETA A., 2017, JOURNAL OF PUBLIC ECONOMICS, V15, P206; ALFA B., 2008, INTERNATIONAL TAX AND PUBLIC FINANCE, V43, P273; TETA C., 1999, JOURNAL OF PUBLIC ECONOMICS, V15, P89; TETA B., 2013, JOURNAL OF PUBLIC ECONOMICS, V53, P376",Article,English,Editora Sintetica,00485950
Delta C.; Eta F.; Alfa D.; Iota D.,The political economy of Tax effort: Argentina and the role of Local government [registro sintetico 062],2001,Nova Economia,1,1,1,53,10.5555/exemplo.0062,"Universidad Nacional Autonoma de Mexico, Mexico","Resumo sintetico para teste do pipeline. Trata de tax effort, intergovernmental transfers em entes subnacionais.",tax effort; intergovernmental transfers; fiscal decentralization,"IOTA C., 1980, REVISTA DE ADMINISTRACAO PUBLICA, V35, P69; TETA F., 1990, NATIONAL TAX JOURNAL, V9, P141; EPSILON C., 1992, INTERNATIONAL TAX AND PUBLIC FINANCE, V35, P316; KAPA B., 1992, PUBLIUS: THE JOURNAL OF FEDERALISM, V48, P164; KAPA B., 1995, GESTION Y POLITICA PUBLICA, V24, P253; TETA E., 1976, GESTION Y POLITICA PUBLICA, V4, P335; BETA A., 1990, REVISTA DE ADMINISTRACAO PUBLICA, V3, P304; IOTA F., 1975, JOURNAL OF PUBLIC ECONOMICS, V52, P36; GAMA E., 1971, NATIONAL TAX JOURNAL, V40, P118; TETA A., 1997, GESTION Y POLITICA PUBLICA, V45, P233; IOTA B., 1998, INTERNATIONAL TAX AND PUBLIC FINANCE, V13, P161; ZETA E., 1971, INTERNATIONAL TAX AND PUBLIC FINANCE, V22, P191; BETA A., 1971, REVISTA DE ADMINISTRACAO PUBLICA, V47, P62; ALFA B., 1993, JOURNAL OF PUBLIC ECONOMICS, V43, P143; EPSILON F., 1999, NATIONAL TAX JOURNAL, V56, P105; TETA E., 1996, JOURNAL OF PUBLIC ECONOMICS, V36, P3; ALFA F., 1980, INTERNATIONAL TAX AND PUBLIC FINANCE, V20, P47; IOTA D., 1990, REVISTA DE ADMINISTRACAO PUBLICA, V56, P74; ETA F., 1988, PUBLIUS: THE JOURNAL OF FEDERALISM, V25, P234; DELTA B., 1979, JOURNAL OF PUBLIC ECONOMICS, V48, P262; DELTA B., 1993, JOURNAL OF PUBLIC ECONOMICS, V26, P24; DELTA A., 1977, PUBLIUS: THE JOURNAL OF FEDERALISM, V51, P189; TETA E., 1982, REVISTA DE ADMINISTRACAO PUBLICA, V32, P14; KAPA F., 1996, NOVA ECONOMIA, V23, P206; DELTA B., 1982, PUBLIUS: THE JOURNAL OF FEDERALISM, V47, P337; ETA B., 1987, GESTION Y POLITICA PUBLICA, V10, P218; GAMA D., 1987, INTERNATIONAL TAX AND PUBLIC FINANCE, V51, P102; DELTA C., 1989, GESTION Y POLITICA PUBLICA, V58, P49; EPSILON C., 1982, NOVA ECONOMIA, V8, P247",Article,English,Editora Sintetica,01036351
Zeta D.; Alfa C.,The political economy of Fiscal equalization: Revenue sharing and the role of Tax reform [registro sintetico 063],2011,Revista de Administracao Publica,1,1,1,29,10.5555/exemplo.0063,"Universidad Nacional Autonoma de Mexico, Mexico","Resumo sintetico para teste do pipeline. Trata de state capacity, tax reform em entes subnacionais.",state capacity; tax reform; intergovernmental transfers; tax effort,"BETA B., 1994, INTERNATIONAL TAX AND PUBLIC FINANCE, V33, P77; ZETA B., 2001, GESTION Y POLITICA PUBLICA, V28, P199; EPSILON B., 1984, INTERNATIONAL TAX AND PUBLIC FINANCE, V47, P296; DELTA B., 1996, REVISTA DE ADMINISTRACAO PUBLICA, V35, P99; TETA F., 1997, PUBLIUS: THE JOURNAL OF FEDERALISM, V54, P51; ALFA B., 1995, NATIONAL TAX JOURNAL, V57, P393; KAPA A., 1998, PUBLIUS: THE JOURNAL OF FEDERALISM, V14, P400; EPSILON F., 2004, REVISTA DE ADMINISTRACAO PUBLICA, V15, P294; GAMA F., 1992, JOURNAL OF PUBLIC ECONOMICS, V7, P246; BETA F., 1986, NOVA ECONOMIA, V20, P79; EPSILON E., 2006, NOVA ECONOMIA, V52, P52; ALFA E., 2008, NATIONAL TAX JOURNAL, V13, P128; DELTA A., 1989, JOURNAL OF PUBLIC ECONOMICS, V54, P45; EPSILON D., 1986, JOURNAL OF PUBLIC ECONOMICS, V1, P154",Article,English,Editora Sintetica,00347612
Zeta B.; Eta A.,Fiscal federalism revisited: Fiscal capacity under Tax competition [registro sintetico 064],2024,Journal of Public Economics,1,1,1,1,10.5555/exemplo.0064,"Georgia State University, Atlanta, United States","Resumo sintetico para teste do pipeline. Trata de tax reform, fiscal federalism em entes subnacionais.",tax reform; fiscal federalism; fiscal decentralization,"ETA F., 2023, REVISTA DE ADMINISTRACAO PUBLICA, V26, P115; EPSILON D., 1996, REVISTA DE ADMINISTRACAO PUBLICA, V52, P263; TETA F., 2007, REVISTA DE ADMINISTRACAO PUBLICA, V50, P272; TETA C., 1999, GESTION Y POLITICA PUBLICA, V27, P209; DELTA F., 1995, REVISTA DE ADMINISTRACAO PUBLICA, V14, P237; KAPA B., 2011, REVISTA DE ADMINISTRACAO PUBLICA, V56, P61; BETA F., 2005, PUBLIUS: THE JOURNAL OF FEDERALISM, V1, P7; EPSILON F., 2009, NOVA ECONOMIA, V11, P99; TETA B., 2021, JOURNAL OF PUBLIC ECONOMICS, V28, P365; DELTA B., 2014, PUBLIUS: THE JOURNAL OF FEDERALISM, V43, P2; EPSILON A., 2006, PUBLIUS: THE JOURNAL OF FEDERALISM, V47, P167; IOTA E., 2001, JOURNAL OF PUBLIC ECONOMICS, V5, P66; ALFA F., 1996, JOURNAL OF PUBLIC ECONOMICS, V3, P152; EPSILON E., 2016, GESTION Y POLITICA PUBLICA, V11, P60; BETA F., 2014, NATIONAL TAX JOURNAL, V60, P154; ALFA F., 2023, JOURNAL OF PUBLIC ECONOMICS, V46, P92; KAPA D., 2014, REVISTA DE ADMINISTRACAO PUBLICA, V48, P213; BETA A., 2010, PUBLIUS: THE JOURNAL OF FEDERALISM, V20, P250; TETA D., 1997, PUBLIUS: THE JOURNAL OF FEDERALISM, V60, P117; ETA B., 2004, PUBLIUS: THE JOURNAL OF FEDERALISM, V42, P365",Article,English,Editora Sintetica,00472727
Iota E.; Epsilon A.; Kapa A.; Teta C.,The political economy of Tax reform: Local government and the role of Tax effort [registro sintetico 065],2023,Gestion y Politica Publica,1,1,1,4,10.5555/exemplo.0065,"University of Toronto, Toronto, Canada; Universidade de Sao Paulo, Sao Paulo, Brazil","Resumo sintetico para teste do pipeline. Trata de intergovernmental transfers, fiscal capacity em entes subnacionais.",intergovernmental transfers; fiscal capacity; tax competition,"KAPA D., 2014, GESTION Y POLITICA PUBLICA, V20, P301; TETA F., 2017, NATIONAL TAX JOURNAL, V7, P56; ETA C., 2009, NOVA ECONOMIA, V53, P10; ETA C., 1997, GESTION Y POLITICA PUBLICA, V31, P46; ALFA A., 1997, REVISTA DE ADMINISTRACAO PUBLICA, V15, P327; BETA A., 2010, INTERNATIONAL TAX AND PUBLIC FINANCE, V39, P266; BETA B., 2002, GESTION Y POLITICA PUBLICA, V27, P226; EPSILON E., 2000, JOURNAL OF PUBLIC ECONOMICS, V54, P25; KAPA F., 1996, REVISTA DE ADMINISTRACAO PUBLICA, V43, P210",Article,English,Editora Sintetica,14054981
Beta A.,Measuring Subnational debt across municipalities: Tax reform and Fiscal federalism [registro sintetico 066],2012,Revista de Administracao Publica,1,1,1,8,10.5555/exemplo.0066,"Universidad Nacional Autonoma de Mexico, Mexico; Georgia State University, Atlanta, United States","Resumo sintetico para teste do pipeline. Trata de fiscal decentralization, fiscal equalization em entes subnacionais.",fiscal decentralization; fiscal equalization; soft budget constraint; revenue sharing,"IOTA C., 2002, NOVA ECONOMIA, V33, P44; BETA E., 1997, JOURNAL OF PUBLIC ECONOMICS, V15, P189; BETA C., 1998, GESTION Y POLITICA PUBLICA, V33, P150; EPSILON C., 1989, PUBLIUS: THE JOURNAL OF FEDERALISM, V59, P263; EPSILON E., 2001, INTERNATIONAL TAX AND PUBLIC FINANCE, V28, P239; EPSILON E., 2007, INTERNATIONAL TAX AND PUBLIC FINANCE, V9, P281; GAMA E., 1982, NATIONAL TAX JOURNAL, V17, P361; GAMA C., 1990, NOVA ECONOMIA, V40, P100; ETA D., 1987, NOVA ECONOMIA, V42, P50; EPSILON F., 2007, NATIONAL TAX JOURNAL, V12, P244; IOTA F., 1995, NATIONAL TAX JOURNAL, V58, P98; ETA D., 2003, PUBLIUS: THE JOURNAL OF FEDERALISM, V13, P192; IOTA F., 2002, JOURNAL OF PUBLIC ECONOMICS, V26, P338; KAPA D., 1998, PUBLIUS: THE JOURNAL OF FEDERALISM, V13, P200; GAMA E., 2006, JOURNAL OF PUBLIC ECONOMICS, V36, P239; ALFA A., 1989, NOVA ECONOMIA, V48, P39; IOTA B., 2008, JOURNAL OF PUBLIC ECONOMICS, V57, P138",Article,English,Editora Sintetica,00347612
Teta C.; Epsilon E.; Zeta B.; Iota F.,Measuring Revenue sharing across municipalities: Argentina and Local government [registro sintetico 067],2024,Revista de Administracao Publica,1,1,1,0,10.5555/exemplo.0067,"Georgia State University, Atlanta, United States","Resumo sintetico para teste do pipeline. Trata de intergovernmental transfers, fiscal decentralization em entes subnacionais.",intergovernmental transfers; fiscal decentralization; regional inequality,"EPSILON C., 1996, JOURNAL OF PUBLIC ECONOMICS, V14, P203; ALFA D., 2001, PUBLIUS: THE JOURNAL OF FEDERALISM, V30, P7; TETA F., 2006, GESTION Y POLITICA PUBLICA, V1, P49; DELTA D., 2002, INTERNATIONAL TAX AND PUBLIC FINANCE, V2, P304; BETA D., 2016, PUBLIUS: THE JOURNAL OF FEDERALISM, V38, P342; IOTA A., 2001, PUBLIUS: THE JOURNAL OF FEDERALISM, V19, P110; ALFA C., 2012, NATIONAL TAX JOURNAL, V57, P64; KAPA A., 2014, NOVA ECONOMIA, V38, P357; TETA E., 1998, GESTION Y POLITICA PUBLICA, V26, P80; IOTA D., 2002, JOURNAL OF PUBLIC ECONOMICS, V26, P83; DELTA A., 2016, REVISTA DE ADMINISTRACAO PUBLICA, V51, P399; ZETA E., 2007, INTERNATIONAL TAX AND PUBLIC FINANCE, V52, P149; KAPA F., 2004, NATIONAL TAX JOURNAL, V60, P257; ZETA E., 1997, NATIONAL TAX JOURNAL, V22, P131; EPSILON F., 2002, PUBLIUS: THE JOURNAL OF FEDERALISM, V50, P269; TETA D., 2008, PUBLIUS: THE JOURNAL OF FEDERALISM, V49, P291; ZETA A., 2016, REVISTA DE ADMINISTRACAO PUBLICA, V12, P59; DELTA F., 2015, NOVA ECONOMIA, V58, P362",Article,English,Editora Sintetica,00347612
Delta D.; Zeta B.,The political economy of Regional inequality: Intergovernmental transfers and the role of Argentina [registro sintetico 068],2005,Nova Economia,1,1,1,22,10.5555/exemplo.0068,"Universidade Federal de Pernambuco, Recife, Brazil","Resumo sintetico para teste do pipeline. Trata de soft budget constraint, fiscal capacity em entes subnacionais.",soft budget constraint; fiscal capacity; tax reform; fiscal federalism,"ETA E., 2005, NATIONAL TAX JOURNAL, V27, P119; GAMA A., 1993, PUBLIUS: THE JOURNAL OF FEDERALISM, V16, P174; EPSILON F., 1990, PUBLIUS: THE JOURNAL OF FEDERALISM, V26, P30; IOTA A., 1985, NATIONAL TAX JOURNAL, V39, P221; DELTA B., 1985, NATIONAL TAX JOURNAL, V2, P49; ALFA D., 2002, GESTION Y POLITICA PUBLICA, V32, P358; TETA C., 2001, NATIONAL TAX JOURNAL, V38, P194; KAPA C., 1975, PUBLIUS: THE JOURNAL OF FEDERALISM, V41, P134; ETA E., 2005, NATIONAL TAX JOURNAL, V32, P278; IOTA D., 1978, PUBLIUS: THE JOURNAL OF FEDERALISM, V7, P208; BETA D., 1998, PUBLIUS: THE JOURNAL OF FEDERALISM, V52, P259; KAPA A., 1978, NOVA ECONOMIA, V39, P241; EPSILON A., 1994, PUBLIUS: THE JOURNAL OF FEDERALISM, V43, P306; EPSILON F., 2004, NATIONAL TAX JOURNAL, V53, P243; DELTA C., 1993, PUBLIUS: THE JOURNAL OF FEDERALISM, V25, P53; EPSILON F., 1999, REVISTA DE ADMINISTRACAO PUBLICA, V40, P27; ZETA C., 1992, INTERNATIONAL TAX AND PUBLIC FINANCE, V60, P291; ETA E., 2000, NOVA ECONOMIA, V2, P221; TETA E., 1995, NOVA ECONOMIA, V38, P75; KAPA F., 1990, JOURNAL OF PUBLIC ECONOMICS, V41, P274; ALFA F., 1984, NOVA ECONOMIA, V1, P76; ZETA F., 2003, NOVA ECONOMIA, V4, P392; DELTA A., 2004, NOVA ECONOMIA, V11, P135",Article,English,Editora Sintetica,01036351
Delta F.; Iota E.; Zeta E.; Kapa B.,The political economy of Canada: Fiscal equalization and the role of Soft budget constraint [registro sintetico 069],2009,Publius: The Journal of Federalism,1,1,1,1,10.5555/exemplo.0069,"Universidade de Sao Paulo, Sao Paulo, Brazil; Georgia State University, Atlanta, United States","Resumo sintetico para teste do pipeline. Trata de revenue sharing, fiscal capacity em entes subnacionais.",revenue sharing; fiscal capacity; tax effort,"ALFA A., 1984, GESTION Y POLITICA PUBLICA, V54, P1; ETA E., 2000, NOVA ECONOMIA, V5, P168; ZETA A., 1983, PUBLIUS: THE JOURNAL OF FEDERALISM, V9, P156; IOTA F., 1980, REVISTA DE ADMINISTRACAO PUBLICA, V57, P63; TETA E., 2003, INTERNATIONAL TAX AND PUBLIC FINANCE, V32, P62; DELTA B., 2004, JOURNAL OF PUBLIC ECONOMICS, V15, P1; ALFA C., 1982, GESTION Y POLITICA PUBLICA, V12, P396; TETA F., 1995, GESTION Y POLITICA PUBLICA, V52, P168; GAMA B., 1989, NOVA ECONOMIA, V44, P202; GAMA F., 1997, PUBLIUS: THE JOURNAL OF FEDERALISM, V18, P129; KAPA E., 1984, INTERNATIONAL TAX AND PUBLIC FINANCE, V40, P191; GAMA B., 2001, NOVA ECONOMIA, V2, P345; BETA B., 2003, JOURNAL OF PUBLIC ECONOMICS, V50, P4; EPSILON C., 1982, NOVA ECONOMIA, V19, P396; TETA E., 1984, PUBLIUS: THE JOURNAL OF FEDERALISM, V7, P48; ZETA D., 2007, INTERNATIONAL TAX AND PUBLIC FINANCE, V11, P107; BETA A., 1981, NOVA ECONOMIA, V26, P43; GAMA B., 1993, NOVA ECONOMIA, V4, P210; TETA A., 1979, PUBLIUS: THE JOURNAL OF FEDERALISM, V22, P103; DELTA E., 2004, PUBLIUS: THE JOURNAL OF FEDERALISM, V46, P178; TETA E., 1990, NOVA ECONOMIA, V55, P66; ETA A., 1988, PUBLIUS: THE JOURNAL OF FEDERALISM, V19, P150; BETA B., 1992, JOURNAL OF PUBLIC ECONOMICS, V29, P145",Article,English,Editora Sintetica,00485950
Epsilon D.; Kapa A.; Beta D.; Beta E.,The political economy of Argentina: Tax reform and the role of Tax competition [registro sintetico 070],2008,Journal of Public Economics,1,1,1,15,10.5555/exemplo.0070,"Universidade Federal de Pernambuco, Recife, Brazil; Universidade de Sao Paulo, Sao Paulo, Brazil","Resumo sintetico para teste do pipeline. Trata de tax reform, tax competition em entes subnacionais.",tax reform; tax competition; local government; fiscal capacity,"ETA F., 1981, REVISTA DE ADMINISTRACAO PUBLICA, V41, P371; BETA D., 1999, INTERNATIONAL TAX AND PUBLIC FINANCE, V20, P211; IOTA B., 1987, JOURNAL OF PUBLIC ECONOMICS, V29, P240; EPSILON E., 1993, REVISTA DE ADMINISTRACAO PUBLICA, V40, P72; GAMA C., 1998, REVISTA DE ADMINISTRACAO PUBLICA, V56, P9; ETA F., 2003, NATIONAL TAX JOURNAL, V18, P275; TETA C., 2006, GESTION Y POLITICA PUBLICA, V56, P110; ETA A., 1992, PUBLIUS: THE JOURNAL OF FEDERALISM, V47, P101; BETA A., 1998, INTERNATIONAL TAX AND PUBLIC FINANCE, V20, P193; DELTA D., 1989, REVISTA DE ADMINISTRACAO PUBLICA, V43, P352; TETA F., 1991, JOURNAL OF PUBLIC ECONOMICS, V25, P56; DELTA A., 1987, REVISTA DE ADMINISTRACAO PUBLICA, V8, P299; TETA D., 1999, JOURNAL OF PUBLIC ECONOMICS, V37, P215; GAMA B., 2008, NOVA ECONOMIA, V38, P260; IOTA D., 1988, JOURNAL OF PUBLIC ECONOMICS, V25, P162; TETA F., 1992, NATIONAL TAX JOURNAL, V32, P289; IOTA B., 1999, NATIONAL TAX JOURNAL, V53, P82; ALFA C., 1987, GESTION Y POLITICA PUBLICA, V6, P111",Article,English,Editora Sintetica,00472727
Teta E.; Eta E.; Beta A.,Measuring Soft budget constraint across municipalities: Intergovernmental transfers and Local government [registro sintetico 071],2009,Publius: The Journal of Federalism,1,1,1,23,10.5555/exemplo.0071,"Universidad de Buenos Aires, Buenos Aires, Argentina","Resumo sintetico para teste do pipeline. Trata de fiscal decentralization, intergovernmental transfers em entes subnacionais.",fiscal decentralization; intergovernmental transfers; municipal finance; revenue sharing; regional inequality,"BETA A., 1981, PUBLIUS: THE JOURNAL OF FEDERALISM, V21, P18; ETA F., 2002, JOURNAL OF PUBLIC ECONOMICS, V24, P229; DELTA C., 1984, PUBLIUS: THE JOURNAL OF FEDERALISM, V12, P82; TETA F., 2007, JOURNAL OF PUBLIC ECONOMICS, V49, P69; KAPA F., 1999, GESTION Y POLITICA PUBLICA, V26, P391; IOTA A., 1985, JOURNAL OF PUBLIC ECONOMICS, V24, P345; EPSILON E., 1986, NOVA ECONOMIA, V52, P52; IOTA C., 1991, INTERNATIONAL TAX AND PUBLIC FINANCE, V40, P164; ALFA A., 1993, NOVA ECONOMIA, V56, P221; ZETA C., 1994, INTERNATIONAL TAX AND PUBLIC FINANCE, V37, P361; DELTA C., 1985, NOVA ECONOMIA, V41, P180; IOTA D., 1997, JOURNAL OF PUBLIC ECONOMICS, V53, P357; ETA A., 2006, NATIONAL TAX JOURNAL, V37, P386; ALFA E., 1996, NOVA ECONOMIA, V25, P323; ZETA D., 1985, PUBLIUS: THE JOURNAL OF FEDERALISM, V51, P333",Article,English,Editora Sintetica,00485950
Teta A.; Teta B.,Tax competition revisited: Fiscal equalization under Brazil [registro sintetico 072],2018,Journal of Public Economics,1,1,1,12,10.5555/exemplo.0072,"Universidad Nacional Autonoma de Mexico, Mexico; Universidade de Sao Paulo, Sao Paulo, Brazil","Resumo sintetico para teste do pipeline. Trata de fiscal capacity, state capacity em entes subnacionais.",fiscal capacity; state capacity; fiscal federalism; soft budget constraint,"EPSILON D., 1998, NATIONAL TAX JOURNAL, V7, P152; ZETA F., 1994, REVISTA DE ADMINISTRACAO PUBLICA, V10, P89; ETA F., 1997, NATIONAL TAX JOURNAL, V24, P385; KAPA B., 2018, NATIONAL TAX JOURNAL, V20, P129; IOTA D., 1996, NOVA ECONOMIA, V57, P233; EPSILON F., 2009, NOVA ECONOMIA, V59, P288; ZETA C., 2009, NOVA ECONOMIA, V1, P114; ZETA B., 1998, GESTION Y POLITICA PUBLICA, V13, P221; EPSILON C., 1988, NOVA ECONOMIA, V54, P332; EPSILON C., 1988, REVISTA DE ADMINISTRACAO PUBLICA, V58, P140; GAMA B., 1999, NATIONAL TAX JOURNAL, V41, P189; ZETA A., 2004, INTERNATIONAL TAX AND PUBLIC FINANCE, V28, P129; BETA E., 2017, PUBLIUS: THE JOURNAL OF FEDERALISM, V32, P157; ZETA E., 2004, GESTION Y POLITICA PUBLICA, V53, P371",Article,English,Editora Sintetica,00472727
Kapa C.; Iota B.; Teta D.; Zeta B.,The political economy of Fiscal capacity: Fiscal decentralization and the role of Tax competition [registro sintetico 073],1999,Nova Economia,1,1,1,57,10.5555/exemplo.0073,"Universidade de Sao Paulo, Sao Paulo, Brazil","Resumo sintetico para teste do pipeline. Trata de regional inequality, local government em entes subnacionais.",regional inequality; local government; fiscal equalization,"TETA C., 1997, PUBLIUS: THE JOURNAL OF FEDERALISM, V24, P341; ALFA B., 1991, NOVA ECONOMIA, V15, P218; IOTA D., 1976, NATIONAL TAX JOURNAL, V46, P176; ALFA A., 1978, JOURNAL OF PUBLIC ECONOMICS, V8, P249; GAMA E., 1986, INTERNATIONAL TAX AND PUBLIC FINANCE, V51, P324; BETA E., 1989, INTERNATIONAL TAX AND PUBLIC FINANCE, V56, P193; GAMA C., 1976, REVISTA DE ADMINISTRACAO PUBLICA, V49, P172; TETA A., 1999, PUBLIUS: THE JOURNAL OF FEDERALISM, V22, P204; DELTA C., 1970, PUBLIUS: THE JOURNAL OF FEDERALISM, V58, P251; DELTA B., 1987, REVISTA DE ADMINISTRACAO PUBLICA, V8, P353; TETA F., 1977, REVISTA DE ADMINISTRACAO PUBLICA, V49, P52; ZETA B., 1973, INTERNATIONAL TAX AND PUBLIC FINANCE, V51, P287; ZETA C., 1991, NATIONAL TAX JOURNAL, V27, P54; IOTA A., 1979, NOVA ECONOMIA, V25, P237; TETA C., 1995, JOURNAL OF PUBLIC ECONOMICS, V20, P280; ALFA B., 1985, INTERNATIONAL TAX AND PUBLIC FINANCE, V6, P105; ZETA F., 1988, PUBLIUS: THE JOURNAL OF FEDERALISM, V13, P373; BETA F., 1972, REVISTA DE ADMINISTRACAO PUBLICA, V46, P373; ALFA E., 1974, NATIONAL TAX JOURNAL, V34, P250; TETA E., 1991, GESTION Y POLITICA PUBLICA, V17, P141; ALFA D., 1999, REVISTA DE ADMINISTRACAO PUBLICA, V18, P271; ALFA C., 1974, PUBLIUS: THE JOURNAL OF FEDERALISM, V14, P379; DELTA B., 1974, NATIONAL TAX JOURNAL, V58, P326; KAPA C., 1974, PUBLIUS: THE JOURNAL OF FEDERALISM, V27, P186; ALFA D., 1983, NOVA ECONOMIA, V4, P260",Article,English,Editora Sintetica,01036351
Teta E.,Local government revisited: Argentina under Tax reform [registro sintetico 074],2025,Publius: The Journal of Federalism,1,1,1,0,10.5555/exemplo.0074,"Universidade de Sao Paulo, Sao Paulo, Brazil; Universidad Nacional Autonoma de Mexico, Mexico","Resumo sintetico para teste do pipeline. Trata de tax reform, fiscal federalism em entes subnacionais.",tax reform; fiscal federalism; tax competition; soft budget constraint; intergovernmental transfers,"TETA F., 2006, REVISTA DE ADMINISTRACAO PUBLICA, V7, P262; IOTA E., 2000, REVISTA DE ADMINISTRACAO PUBLICA, V14, P71; ALFA A., 2005, INTERNATIONAL TAX AND PUBLIC FINANCE, V21, P117; BETA A., 2008, INTERNATIONAL TAX AND PUBLIC FINANCE, V3, P48; TETA D., 2022, NOVA ECONOMIA, V45, P374; DELTA D., 2004, GESTION Y POLITICA PUBLICA, V47, P325; DELTA B., 2012, NOVA ECONOMIA, V39, P238; TETA B., 1996, JOURNAL OF PUBLIC ECONOMICS, V36, P107; ZETA A., 2018, INTERNATIONAL TAX AND PUBLIC FINANCE, V29, P55; BETA F., 2018, NOVA ECONOMIA, V22, P332; IOTA E., 2013, REVISTA DE ADMINISTRACAO PUBLICA, V10, P351",Article,English,Editora Sintetica,00485950
Kapa A.; Teta E.; Eta E.,The political economy of Canada: Argentina and the role of Soft budget constraint [registro sintetico 075],2020,Nova Economia,1,1,1,7,10.5555/exemplo.0075,"Universidade Federal de Pernambuco, Recife, Brazil; Georgia State University, Atlanta, United States","Resumo sintetico para teste do pipeline. Trata de intergovernmental transfers, subnational debt em entes subnacionais.",intergovernmental transfers; subnational debt; tax competition,"ZETA C., 2009, NATIONAL TAX JOURNAL, V29, P9; ZETA F., 1993, PUBLIUS: THE JOURNAL OF FEDERALISM, V32, P230; GAMA E., 1993, JOURNAL OF PUBLIC ECONOMICS, V3, P123; KAPA A., 1994, GESTION Y POLITICA PUBLICA, V4, P364; EPSILON D., 2011, JOURNAL OF PUBLIC ECONOMICS, V59, P30; DELTA F., 1997, PUBLIUS: THE JOURNAL OF FEDERALISM, V17, P358; TETA D., 2002, NATIONAL TAX JOURNAL, V15, P96; ZETA A., 2001, REVISTA DE ADMINISTRACAO PUBLICA, V53, P362; TETA B., 2020, NATIONAL TAX JOURNAL, V28, P375; DELTA A., 2013, GESTION Y POLITICA PUBLICA, V29, P341; KAPA D., 2015, GESTION Y POLITICA PUBLICA, V40, P67; BETA F., 2008, NATIONAL TAX JOURNAL, V27, P210; DELTA E., 2019, NOVA ECONOMIA, V47, P63; KAPA B., 2004, JOURNAL OF PUBLIC ECONOMICS, V14, P294; ZETA A., 2004, REVISTA DE ADMINISTRACAO PUBLICA, V53, P94; IOTA C., 2020, NOVA ECONOMIA, V5, P168",Article,English,Editora Sintetica,01036351
Beta C.,Municipal finance and Tax competition in subnational governments: evidence from Subnational debt [registro sintetico 076],2024,Revista de Administracao Publica,1,1,1,0,10.5555/exemplo.0076,"Universidade Federal de Pernambuco, Recife, Brazil; Georgia State University, Atlanta, United States","Resumo sintetico para teste do pipeline. Trata de regional inequality, fiscal equalization em entes subnacionais.",regional inequality; fiscal equalization; intergovernmental transfers; municipal finance,"EPSILON E., 2015, JOURNAL OF PUBLIC ECONOMICS, V29, P372; GAMA C., 2002, NOVA ECONOMIA, V29, P109; KAPA B., 2012, INTERNATIONAL TAX AND PUBLIC FINANCE, V29, P68; DELTA F., 2004, INTERNATIONAL TAX AND PUBLIC FINANCE, V26, P389; EPSILON D., 2021, PUBLIUS: THE JOURNAL OF FEDERALISM, V26, P80; ZETA A., 2007, GESTION Y POLITICA PUBLICA, V59, P331; EPSILON B., 2023, REVISTA DE ADMINISTRACAO PUBLICA, V22, P350; DELTA D., 2002, GESTION Y POLITICA PUBLICA, V9, P66; ZETA F., 2020, PUBLIUS: THE JOURNAL OF FEDERALISM, V33, P270; KAPA B., 1998, INTERNATIONAL TAX AND PUBLIC FINANCE, V42, P173; IOTA C., 1994, NOVA ECONOMIA, V46, P383; ETA B., 1996, JOURNAL OF PUBLIC ECONOMICS, V6, P109; BETA C., 2011, PUBLIUS: THE JOURNAL OF FEDERALISM, V21, P307; DELTA C., 2020, JOURNAL OF PUBLIC ECONOMICS, V51, P178; ALFA F., 2017, REVISTA DE ADMINISTRACAO PUBLICA, V42, P337; BETA E., 1995, NATIONAL TAX JOURNAL, V11, P290",Article,English,Editora Sintetica,00347612
Kapa D.,Measuring Tax effort across municipalities: Revenue sharing and State capacity [registro sintetico 077],2010,Gestion y Politica Publica,1,1,1,29,10.5555/exemplo.0077,"Georgia State University, Atlanta, United States; Universidade Federal de Pernambuco, Recife, Brazil","Resumo sintetico para teste do pipeline. Trata de revenue sharing, fiscal capacity em entes subnacionais.",revenue sharing; fiscal capacity; tax effort,"EPSILON F., 1983, NOVA ECONOMIA, V13, P310; ZETA C., 1988, JOURNAL OF PUBLIC ECONOMICS, V40, P45; DELTA A., 1982, REVISTA DE ADMINISTRACAO PUBLICA, V25, P180; KAPA B., 2000, PUBLIUS: THE JOURNAL OF FEDERALISM, V22, P138; DELTA F., 1985, GESTION Y POLITICA PUBLICA, V41, P337; IOTA E., 1989, INTERNATIONAL TAX AND PUBLIC FINANCE, V37, P57; IOTA B., 1980, INTERNATIONAL TAX AND PUBLIC FINANCE, V24, P264; IOTA D., 1984, REVISTA DE ADMINISTRACAO PUBLICA, V47, P215; KAPA D., 1985, NATIONAL TAX JOURNAL, V24, P45; ALFA F., 1990, GESTION Y POLITICA PUBLICA, V10, P14; KAPA A., 2005, INTERNATIONAL TAX AND PUBLIC FINANCE, V9, P156; EPSILON F., 2010, NATIONAL TAX JOURNAL, V33, P352; GAMA D., 2000, INTERNATIONAL TAX AND PUBLIC FINANCE, V35, P338; EPSILON C., 1985, INTERNATIONAL TAX AND PUBLIC FINANCE, V29, P85; TETA D., 1985, INTERNATIONAL TAX AND PUBLIC FINANCE, V20, P198; GAMA E., 1990, REVISTA DE ADMINISTRACAO PUBLICA, V16, P207; ZETA A., 1996, JOURNAL OF PUBLIC ECONOMICS, V39, P234; BETA E., 1997, GESTION Y POLITICA PUBLICA, V41, P294; BETA E., 1988, REVISTA DE ADMINISTRACAO PUBLICA, V7, P78; ZETA C., 2007, PUBLIUS: THE JOURNAL OF FEDERALISM, V2, P276; BETA A., 1985, NOVA ECONOMIA, V60, P216; EPSILON C., 1981, INTERNATIONAL TAX AND PUBLIC FINANCE, V48, P390; EPSILON F., 1983, JOURNAL OF PUBLIC ECONOMICS, V23, P176; GAMA D., 1994, NOVA ECONOMIA, V52, P23; ZETA C., 1990, NOVA ECONOMIA, V33, P52",Article,English,Editora Sintetica,14054981
Zeta F.,The political economy of Intergovernmental transfers: Fiscal equalization and the role of Canada [registro sintetico 078],2021,Revista de Administracao Publica,1,1,1,10,10.5555/exemplo.0078,"Georgia State University, Atlanta, United States; University of Toronto, Toronto, Canada","Resumo sintetico para teste do pipeline. Trata de tax effort, tax competition em entes subnacionais.",tax effort; tax competition; municipal finance; subnational debt; regional inequality,"ALFA A., 2016, REVISTA DE ADMINISTRACAO PUBLICA, V19, P284; IOTA B., 2004, REVISTA DE ADMINISTRACAO PUBLICA, V35, P47; GAMA B., 1994, NOVA ECONOMIA, V9, P345; TETA F., 2010, GESTION Y POLITICA PUBLICA, V54, P355; ALFA B., 1992, INTERNATIONAL TAX AND PUBLIC FINANCE, V1, P371; DELTA B., 2003, REVISTA DE ADMINISTRACAO PUBLICA, V57, P395; GAMA B., 2018, REVISTA DE ADMINISTRACAO PUBLICA, V55, P389; KAPA D., 2021, PUBLIUS: THE JOURNAL OF FEDERALISM, V52, P143; ALFA B., 2012, JOURNAL OF PUBLIC ECONOMICS, V20, P287; TETA A., 2002, PUBLIUS: THE JOURNAL OF FEDERALISM, V57, P65; KAPA D., 1995, REVISTA DE ADMINISTRACAO PUBLICA, V39, P339; IOTA C., 2021, NOVA ECONOMIA, V1, P365; TETA E., 2018, REVISTA DE ADMINISTRACAO PUBLICA, V10, P5; ZETA D., 2013, GESTION Y POLITICA PUBLICA, V53, P204; ZETA E., 1991, NOVA ECONOMIA, V32, P24; BETA D., 1993, NATIONAL TAX JOURNAL, V37, P205; ZETA B., 1999, NOVA ECONOMIA, V29, P332; BETA D., 2020, REVISTA DE ADMINISTRACAO PUBLICA, V54, P287; TETA E., 2000, REVISTA DE ADMINISTRACAO PUBLICA, V39, P277; ZETA D., 2018, NOVA ECONOMIA, V14, P221; BETA D., 1994, REVISTA DE ADMINISTRACAO PUBLICA, V23, P365",Article,English,Editora Sintetica,00347612
Delta B.; Delta B.; Delta C.; Alfa D.,Fiscal equalization revisited: Subnational debt under Brazil [registro sintetico 079],2005,Publius: The Journal of Federalism,1,1,1,22,10.5555/exemplo.0079,"Universidad Nacional Autonoma de Mexico, Mexico; Universidad de Buenos Aires, Buenos Aires, Argentina","Resumo sintetico para teste do pipeline. Trata de local government, fiscal federalism em entes subnacionais.",local government; fiscal federalism; tax reform; tax effort,"ALFA A., 1989, REVISTA DE ADMINISTRACAO PUBLICA, V21, P96; IOTA A., 2002, NOVA ECONOMIA, V53, P251; GAMA B., 1983, JOURNAL OF PUBLIC ECONOMICS, V48, P313; KAPA A., 1985, NATIONAL TAX JOURNAL, V38, P181; ZETA D., 1994, GESTION Y POLITICA PUBLICA, V8, P174; ZETA F., 1985, GESTION Y POLITICA PUBLICA, V20, P73; GAMA A., 1993, GESTION Y POLITICA PUBLICA, V53, P33; TETA E., 1998, JOURNAL OF PUBLIC ECONOMICS, V15, P257; BETA A., 1986, INTERNATIONAL TAX AND PUBLIC FINANCE, V27, P274; EPSILON C., 1983, REVISTA DE ADMINISTRACAO PUBLICA, V2, P39; IOTA C., 1997, REVISTA DE ADMINISTRACAO PUBLICA, V42, P185; BETA E., 1992, NOVA ECONOMIA, V25, P295; EPSILON A., 1986, PUBLIUS: THE JOURNAL OF FEDERALISM, V2, P152; EPSILON A., 1986, NATIONAL TAX JOURNAL, V38, P31; DELTA E., 1997, REVISTA DE ADMINISTRACAO PUBLICA, V42, P235; BETA E., 2004, JOURNAL OF PUBLIC ECONOMICS, V5, P273; EPSILON C., 1978, INTERNATIONAL TAX AND PUBLIC FINANCE, V5, P380; TETA D., 2000, INTERNATIONAL TAX AND PUBLIC FINANCE, V12, P367; IOTA C., 2004, REVISTA DE ADMINISTRACAO PUBLICA, V22, P374; TETA F., 1999, GESTION Y POLITICA PUBLICA, V17, P210",Article,English,Editora Sintetica,00485950
Beta A.; Iota E.,Measuring Tax reform across municipalities: Tax competition and Fiscal federalism [registro sintetico 080],2019,International Tax and Public Finance,1,1,1,14,10.5555/exemplo.0080,"Georgia State University, Atlanta, United States; Universidad de Buenos Aires, Buenos Aires, Argentina","Resumo sintetico para teste do pipeline. Trata de fiscal federalism, intergovernmental transfers em entes subnacionais.",fiscal federalism; intergovernmental transfers; state capacity; fiscal capacity; subnational debt,"GAMA B., 1997, PUBLIUS: THE JOURNAL OF FEDERALISM, V52, P304; GAMA F., 1989, GESTION Y POLITICA PUBLICA, V2, P307; ZETA C., 1989, NATIONAL TAX JOURNAL, V28, P135; DELTA B., 2007, NATIONAL TAX JOURNAL, V29, P108; BETA F., 2011, INTERNATIONAL TAX AND PUBLIC FINANCE, V7, P118; DELTA A., 2003, REVISTA DE ADMINISTRACAO PUBLICA, V8, P167; ETA C., 2004, INTERNATIONAL TAX AND PUBLIC FINANCE, V51, P206; TETA F., 1994, JOURNAL OF PUBLIC ECONOMICS, V25, P230; GAMA E., 1992, NOVA ECONOMIA, V41, P50; TETA E., 2018, PUBLIUS: THE JOURNAL OF FEDERALISM, V7, P38; DELTA F., 2014, JOURNAL OF PUBLIC ECONOMICS, V55, P66; BETA E., 2010, GESTION Y POLITICA PUBLICA, V27, P242; TETA D., 2010, INTERNATIONAL TAX AND PUBLIC FINANCE, V40, P217; TETA B., 2018, PUBLIUS: THE JOURNAL OF FEDERALISM, V19, P282; BETA E., 2017, REVISTA DE ADMINISTRACAO PUBLICA, V11, P169; ZETA B., 2008, NOVA ECONOMIA, V53, P379; DELTA B., 2003, NOVA ECONOMIA, V53, P201; IOTA D., 2002, REVISTA DE ADMINISTRACAO PUBLICA, V42, P74; DELTA B., 2000, GESTION Y POLITICA PUBLICA, V22, P34; BETA C., 1992, PUBLIUS: THE JOURNAL OF FEDERALISM, V12, P382; TETA F., 2019, NOVA ECONOMIA, V30, P1; ETA A., 2007, NATIONAL TAX JOURNAL, V34, P222; DELTA A., 2005, NOVA ECONOMIA, V9, P104; ZETA D., 1999, INTERNATIONAL TAX AND PUBLIC FINANCE, V23, P333; KAPA B., 2006, JOURNAL OF PUBLIC ECONOMICS, V13, P400",Article,English,Editora Sintetica,09275940
Zeta F.; Iota A.,Argentina revisited: Tax reform under Regional inequality [registro sintetico 081],2024,Revista de Administracao Publica,1,1,1,1,10.5555/exemplo.0081,"Universidade Federal de Pernambuco, Recife, Brazil","Resumo sintetico para teste do pipeline. Trata de municipal finance, local government em entes subnacionais.",municipal finance; local government; fiscal federalism,"KAPA F., 2008, INTERNATIONAL TAX AND PUBLIC FINANCE, V38, P19; GAMA F., 2016, NOVA ECONOMIA, V30, P161; KAPA C., 2018, GESTION Y POLITICA PUBLICA, V35, P240; ALFA C., 2004, JOURNAL OF PUBLIC ECONOMICS, V2, P35; BETA D., 2020, GESTION Y POLITICA PUBLICA, V1, P269; ETA A., 2019, NOVA ECONOMIA, V31, P47; BETA C., 1994, PUBLIUS: THE JOURNAL OF FEDERALISM, V6, P273; IOTA B., 2006, GESTION Y POLITICA PUBLICA, V15, P62",Article,English,Editora Sintetica,00347612
Iota D.,The political economy of Fiscal capacity: Canada and the role of Subnational debt [registro sintetico 082],2020,Revista de Administracao Publica,1,1,1,4,10.5555/exemplo.0082,"Universidade Federal de Pernambuco, Recife, Brazil","Resumo sintetico para teste do pipeline. Trata de state capacity, regional inequality em entes subnacionais.",state capacity; regional inequality; fiscal equalization; tax reform; intergovernmental transfers,"ZETA D., 2011, INTERNATIONAL TAX AND PUBLIC FINANCE, V33, P255; DELTA F., 1999, REVISTA DE ADMINISTRACAO PUBLICA, V1, P393; DELTA C., 2003, INTERNATIONAL TAX AND PUBLIC FINANCE, V48, P231; DELTA C., 1991, GESTION Y POLITICA PUBLICA, V22, P378; ETA E., 1997, PUBLIUS: THE JOURNAL OF FEDERALISM, V60, P291; ETA A., 1992, NATIONAL TAX JOURNAL, V7, P160; IOTA A., 2005, NATIONAL TAX JOURNAL, V56, P368; BETA F., 2012, REVISTA DE ADMINISTRACAO PUBLICA, V3, P106; ALFA F., 1994, GESTION Y POLITICA PUBLICA, V57, P318",Article,English,Editora Sintetica,00347612
Eta B.; Epsilon C.; Gama F.; Zeta F.,The political economy of Canada: Fiscal capacity and the role of Brazil [registro sintetico 083],2017,Revista de Administracao Publica,1,1,1,6,10.5555/exemplo.0083,"Universidade Federal de Pernambuco, Recife, Brazil; University of Toronto, Toronto, Canada","Resumo sintetico para teste do pipeline. Trata de regional inequality, intergovernmental transfers em entes subnacionais.",regional inequality; intergovernmental transfers; fiscal capacity; local government,"KAPA E., 2012, GESTION Y POLITICA PUBLICA, V36, P188; ALFA F., 2004, GESTION Y POLITICA PUBLICA, V47, P65; BETA A., 1994, NOVA ECONOMIA, V43, P328; GAMA A., 1992, PUBLIUS: THE JOURNAL OF FEDERALISM, V11, P4; IOTA C., 1998, PUBLIUS: THE JOURNAL OF FEDERALISM, V53, P106; TETA A., 2013, JOURNAL OF PUBLIC ECONOMICS, V44, P125; ZETA B., 2000, JOURNAL OF PUBLIC ECONOMICS, V24, P168; ZETA B., 1987, REVISTA DE ADMINISTRACAO PUBLICA, V54, P159; KAPA D., 2008, NATIONAL TAX JOURNAL, V42, P120; BETA D., 2001, NOVA ECONOMIA, V14, P248; GAMA A., 2017, REVISTA DE ADMINISTRACAO PUBLICA, V30, P288; BETA A., 1997, INTERNATIONAL TAX AND PUBLIC FINANCE, V40, P278; DELTA F., 2006, REVISTA DE ADMINISTRACAO PUBLICA, V52, P194; IOTA A., 2008, NATIONAL TAX JOURNAL, V13, P294; EPSILON A., 2015, GESTION Y POLITICA PUBLICA, V8, P88; TETA C., 1990, INTERNATIONAL TAX AND PUBLIC FINANCE, V37, P196; EPSILON B., 1995, PUBLIUS: THE JOURNAL OF FEDERALISM, V37, P60; ETA B., 1995, PUBLIUS: THE JOURNAL OF FEDERALISM, V27, P52; ETA E., 1992, INTERNATIONAL TAX AND PUBLIC FINANCE, V9, P143; GAMA F., 2008, NOVA ECONOMIA, V10, P269; DELTA D., 2004, INTERNATIONAL TAX AND PUBLIC FINANCE, V14, P124; GAMA B., 1999, NATIONAL TAX JOURNAL, V31, P180; ZETA F., 2008, NATIONAL TAX JOURNAL, V15, P33; KAPA E., 1987, NATIONAL TAX JOURNAL, V44, P49; KAPA E., 2017, REVISTA DE ADMINISTRACAO PUBLICA, V49, P42; BETA C., 1994, REVISTA DE ADMINISTRACAO PUBLICA, V27, P272; ZETA C., 2017, NOVA ECONOMIA, V26, P290; ETA E., 2004, GESTION Y POLITICA PUBLICA, V45, P84; IOTA F., 2012, NOVA ECONOMIA, V60, P23",Article,English,Editora Sintetica,00347612
Delta B.; Kapa D.,Tax reform revisited: Tax effort under Fiscal equalization [registro sintetico 084],2025,International Tax and Public Finance,1,1,1,1,10.5555/exemplo.0084,"Georgia State University, Atlanta, United States","Resumo sintetico para teste do pipeline. Trata de regional inequality, revenue sharing em entes subnacionais.",regional inequality; revenue sharing; tax competition; fiscal capacity,"TETA D., 2006, REVISTA DE ADMINISTRACAO PUBLICA, V2, P335; TETA B., 2012, GESTION Y POLITICA PUBLICA, V20, P153; BETA D., 2010, NATIONAL TAX JOURNAL, V5, P88; TETA D., 2006, PUBLIUS: THE JOURNAL OF FEDERALISM, V33, P142; IOTA C., 2007, REVISTA DE ADMINISTRACAO PUBLICA, V9, P235; ALFA F., 2012, NATIONAL TAX JOURNAL, V24, P145; GAMA C., 2019, JOURNAL OF PUBLIC ECONOMICS, V21, P381; ETA D., 2014, GESTION Y POLITICA PUBLICA, V53, P3; GAMA B., 2025, INTERNATIONAL TAX AND PUBLIC FINANCE, V58, P189",Article,English,Editora Sintetica,09275940
Eta B.; Kapa D.; Kapa E.,The political economy of Canada: Intergovernmental transfers and the role of Fiscal equalization [registro sintetico 085],2009,Journal of Public Economics,1,1,1,14,10.5555/exemplo.0085,"Universidad Nacional Autonoma de Mexico, Mexico","Resumo sintetico para teste do pipeline. Trata de fiscal federalism, municipal finance em entes subnacionais.",fiscal federalism; municipal finance; fiscal equalization; state capacity; revenue sharing,"ETA E., 1990, INTERNATIONAL TAX AND PUBLIC FINANCE, V18, P265; DELTA B., 1994, JOURNAL OF PUBLIC ECONOMICS, V12, P250; IOTA A., 2009, INTERNATIONAL TAX AND PUBLIC FINANCE, V31, P39; ETA E., 2004, NOVA ECONOMIA, V46, P131; BETA A., 2003, NATIONAL TAX JOURNAL, V23, P253; DELTA D., 1981, PUBLIUS: THE JOURNAL OF FEDERALISM, V24, P132; GAMA D., 1983, NATIONAL TAX JOURNAL, V54, P84; DELTA E., 1994, GESTION Y POLITICA PUBLICA, V39, P78; DELTA D., 1987, PUBLIUS: THE JOURNAL OF FEDERALISM, V1, P56; ETA C., 2002, NOVA ECONOMIA, V47, P121; IOTA E., 1988, GESTION Y POLITICA PUBLICA, V7, P150; KAPA A., 1987, GESTION Y POLITICA PUBLICA, V41, P85; DELTA F., 1983, REVISTA DE ADMINISTRACAO PUBLICA, V33, P299; TETA B., 1994, NATIONAL TAX JOURNAL, V10, P108; IOTA C., 1988, JOURNAL OF PUBLIC ECONOMICS, V54, P27; ZETA D., 1981, INTERNATIONAL TAX AND PUBLIC FINANCE, V25, P131; TETA B., 1987, GESTION Y POLITICA PUBLICA, V48, P59",Article,English,Editora Sintetica,00472727
Teta B.; Beta C.,Fiscal federalism revisited: Brazil under Revenue sharing [registro sintetico 086],2005,International Tax and Public Finance,1,1,1,11,10.5555/exemplo.0086,"University of Toronto, Toronto, Canada","Resumo sintetico para teste do pipeline. Trata de subnational debt, tax effort em entes subnacionais.",subnational debt; tax effort; tax competition; intergovernmental transfers,"BETA D., 2005, REVISTA DE ADMINISTRACAO PUBLICA, V23, P51; ALFA E., 1979, REVISTA DE ADMINISTRACAO PUBLICA, V33, P51; TETA E., 1998, PUBLIUS: THE JOURNAL OF FEDERALISM, V54, P168; BETA C., 1997, NATIONAL TAX JOURNAL, V8, P205; BETA C., 1976, INTERNATIONAL TAX AND PUBLIC FINANCE, V17, P305; IOTA A., 1985, GESTION Y POLITICA PUBLICA, V23, P64; TETA B., 1994, PUBLIUS: THE JOURNAL OF FEDERALISM, V8, P110; DELTA F., 1979, NATIONAL TAX JOURNAL, V40, P69; KAPA F., 1975, NATIONAL TAX JOURNAL, V5, P90; EPSILON E., 1983, INTERNATIONAL TAX AND PUBLIC FINANCE, V56, P58; BETA C., 2003, INTERNATIONAL TAX AND PUBLIC FINANCE, V36, P312; ALFA B., 1994, INTERNATIONAL TAX AND PUBLIC FINANCE, V40, P216; IOTA E., 1976, NATIONAL TAX JOURNAL, V7, P114; GAMA F., 1976, NATIONAL TAX JOURNAL, V48, P55; EPSILON C., 1998, GESTION Y POLITICA PUBLICA, V25, P280; ETA C., 1990, NATIONAL TAX JOURNAL, V38, P123; BETA E., 1989, GESTION Y POLITICA PUBLICA, V4, P189; ETA D., 1993, PUBLIUS: THE JOURNAL OF FEDERALISM, V39, P327; ETA B., 1976, REVISTA DE ADMINISTRACAO PUBLICA, V54, P165; KAPA D., 1975, NOVA ECONOMIA, V10, P11; IOTA C., 1985, REVISTA DE ADMINISTRACAO PUBLICA, V39, P256; TETA F., 1977, JOURNAL OF PUBLIC ECONOMICS, V8, P132; GAMA E., 1975, REVISTA DE ADMINISTRACAO PUBLICA, V56, P115; ETA D., 1982, JOURNAL OF PUBLIC ECONOMICS, V22, P130; GAMA C., 2003, NOVA ECONOMIA, V24, P127; EPSILON A., 1993, NOVA ECONOMIA, V40, P13; ALFA F., 1984, JOURNAL OF PUBLIC ECONOMICS, V40, P227; EPSILON F., 1984, INTERNATIONAL TAX AND PUBLIC FINANCE, V25, P187",Article,English,Editora Sintetica,09275940
Teta E.,Brazil revisited: Tax reform under Canada [registro sintetico 087],2009,Journal of Public Economics,1,1,1,1,10.5555/exemplo.0087,"University of Toronto, Toronto, Canada","Resumo sintetico para teste do pipeline. Trata de fiscal decentralization, revenue sharing em entes subnacionais.",fiscal decentralization; revenue sharing; tax effort,"TETA A., 2008, PUBLIUS: THE JOURNAL OF FEDERALISM, V26, P2; ZETA C., 2009, INTERNATIONAL TAX AND PUBLIC FINANCE, V6, P320; ALFA E., 1996, PUBLIUS: THE JOURNAL OF FEDERALISM, V23, P128; GAMA A., 1991, NATIONAL TAX JOURNAL, V24, P359; ETA E., 1982, NOVA ECONOMIA, V40, P257; ALFA A., 1991, PUBLIUS: THE JOURNAL OF FEDERALISM, V34, P10; KAPA B., 1980, JOURNAL OF PUBLIC ECONOMICS, V8, P348; BETA E., 2003, INTERNATIONAL TAX AND PUBLIC FINANCE, V13, P362; BETA C., 1993, GESTION Y POLITICA PUBLICA, V27, P175",Article,English,Editora Sintetica,00472727
Kapa F.; Zeta A.,Measuring Subnational debt across municipalities: Municipal finance and Local government [registro sintetico 088],2020,Revista de Administracao Publica,1,1,1,3,10.5555/exemplo.0088,"Universidade Federal de Pernambuco, Recife, Brazil; Universidad de Buenos Aires, Buenos Aires, Argentina","Resumo sintetico para teste do pipeline. Trata de fiscal decentralization, tax effort em entes subnacionais.",fiscal decentralization; tax effort; state capacity,"BETA E., 2007, PUBLIUS: THE JOURNAL OF FEDERALISM, V60, P185; TETA A., 2000, NOVA ECONOMIA, V59, P89; IOTA F., 2018, INTERNATIONAL TAX AND PUBLIC FINANCE, V32, P277; ZETA C., 2011, JOURNAL OF PUBLIC ECONOMICS, V46, P114; TETA E., 1998, PUBLIUS: THE JOURNAL OF FEDERALISM, V20, P366; IOTA B., 1995, INTERNATIONAL TAX AND PUBLIC FINANCE, V19, P248; ZETA F., 2002, NATIONAL TAX JOURNAL, V49, P139; TETA A., 1998, GESTION Y POLITICA PUBLICA, V41, P157; BETA A., 1993, PUBLIUS: THE JOURNAL OF FEDERALISM, V10, P398; ZETA A., 2012, REVISTA DE ADMINISTRACAO PUBLICA, V28, P247; DELTA E., 2008, INTERNATIONAL TAX AND PUBLIC FINANCE, V5, P357",Article,English,Editora Sintetica,00347612
Epsilon A.; Kapa E.; Teta D.,Measuring Argentina across municipalities: Intergovernmental transfers and Soft budget constraint [registro sintetico 089],2016,National Tax Journal,1,1,1,3,10.5555/exemplo.0089,"Georgia State University, Atlanta, United States; Universidade Federal de Pernambuco, Recife, Brazil","Resumo sintetico para teste do pipeline. Trata de tax competition, tax effort em entes subnacionais.",tax competition; tax effort; municipal finance,"TETA A., 2006, INTERNATIONAL TAX AND PUBLIC FINANCE, V39, P380; EPSILON C., 2012, GESTION Y POLITICA PUBLICA, V35, P388; DELTA C., 1986, PUBLIUS: THE JOURNAL OF FEDERALISM, V24, P186; IOTA A., 2010, REVISTA DE ADMINISTRACAO PUBLICA, V44, P137; TETA D., 2003, REVISTA DE ADMINISTRACAO PUBLICA, V57, P231; BETA A., 1997, NATIONAL TAX JOURNAL, V44, P75; IOTA A., 2001, NOVA ECONOMIA, V17, P115; ALFA C., 1986, REVISTA DE ADMINISTRACAO PUBLICA, V58, P358; ZETA C., 2005, REVISTA DE ADMINISTRACAO PUBLICA, V13, P54; BETA C., 1995, NATIONAL TAX JOURNAL, V35, P257; BETA D., 2010, INTERNATIONAL TAX AND PUBLIC FINANCE, V24, P142; ALFA F., 2013, REVISTA DE ADMINISTRACAO PUBLICA, V55, P126; BETA F., 2016, NOVA ECONOMIA, V42, P110; ETA D., 1995, REVISTA DE ADMINISTRACAO PUBLICA, V24, P270; ZETA E., 1996, INTERNATIONAL TAX AND PUBLIC FINANCE, V1, P399; IOTA F., 2009, NOVA ECONOMIA, V38, P39; TETA A., 1992, NOVA ECONOMIA, V24, P257",Article,English,Editora Sintetica,00280283
